Project Name,Package Name,Class Name,Class Type,Class Visibility,Is Abstract,Is Static,Is Final,Is Interface,Extends,Implements,Children,Fields,Methods,Overrides,Static Methods,final Methods , Abstract Methods, Association, Aggregation, Delegation, Composition, Instantiation
JHotDraw,CH.ifa.draw.applet,DrawApplet,1,1,0,0,0,false,Applet ,DrawingEditor PaletteListener ,0 ,fDrawing: Drawing fTool: Tool fView: StandardDrawingView fDefaultToolButton: ToolButton fSelectedToolButton: ToolButton fSimpleUpdate: boolean fUpdateButton: Button fFrameColor: Choice fFillColor: Choice fArrowChoice: Choice fFontChoice: Choice fSleeper: Thread fIconkit: Iconkit fgUntitled: String fgDrawPath: String IMAGES: String ,init{ Params :  Returns : void} createAttributesPanel{ Params :  Returns : Panel} createAttributeChoices{ Params : Panel Returns : void} createColorChoice{ Params : String Returns : Choice} createFontChoice{ Params :  Returns : Choice} createButtonPanel{ Params :  Returns : Panel} createButtons{ Params : Panel Returns : void} itemStateChanged{ Params : ItemEvent Returns : void} actionPerformed{ Params : ActionEvent Returns : void} actionPerformed{ Params : ActionEvent Returns : void} createToolPalette{ Params :  Returns : Panel} createTools{ Params : Panel Returns : void} createSelectionTool{ Params :  Returns : Tool} createToolButton{ Params : String,String,Tool Returns : ToolButton} createDrawing{ Params :  Returns : Drawing} createDrawingView{ Params :  Returns : StandardDrawingView} paletteUserSelected{ Params : PaletteButton Returns : void} paletteUserOver{ Params : PaletteButton,boolean Returns : void} drawing{ Params :  Returns : Drawing} tool{ Params :  Returns : Tool} view{ Params :  Returns : DrawingView} toolDone{ Params :  Returns : void} selectionChanged{ Params : DrawingView Returns : void} initDrawing{ Params :  Returns : void} setTool{ Params : Tool,String Returns : void} setSelected{ Params : ToolButton Returns : void} loadDrawing{ Params : String Returns : void} readDrawing{ Params : String Returns : void} readFromStorableInput{ Params : String Returns : void} readFromObjectInput{ Params : String Returns : void} guessType{ Params : String Returns : String} setupAttributes{ Params :  Returns : void} setSimpleDisplayUpdate{ Params :  Returns : void} setBufferedDisplayUpdate{ Params :  Returns : void} showHelp{ Params :  Returns : void} startSleeper{ Params :  Returns : void} stopSleeper{ Params :  Returns : void} ,,,,,DrawingEditor PaletteListener ,,,,Iconkit BorderLayout Panel PaletteLayout Point Label Label Label CommandChoice ChangeAttributeCommand Integer ChangeAttributeCommand Integer ChangeAttributeCommand Integer ChangeAttributeCommand Integer Label CommandChoice ChangeAttributeCommand CommandChoice ChangeAttributeCommand Panel PaletteLayout Point Filler Choice StringTokenizer Label ItemListener Filler CommandButton DeleteCommand CommandButton DuplicateCommand CommandButton GroupCommand CommandButton UngroupCommand Button ActionListener Button ActionListener Panel PaletteLayout Point SelectionTool ToolButton StandardDrawing StandardDrawingView URL StorableInput URL ObjectInputStream SimpleUpdateStrategy BufferedUpdateStrategy URL SleeperThread 
JHotDraw,CH.ifa.draw.applet,SleeperThread,1,0,0,0,0,false,Thread ,0 ,0 ,fApplet: Applet ,run{ Params :  Returns : void} ,,,,,,,,,
JHotDraw,CH.ifa.draw.application,DrawApplication,1,1,0,0,0,false,Frame ,DrawingEditor PaletteListener ,0 ,fDrawing: Drawing fTool: Tool fIconkit: Iconkit fStatusLine: TextField fView: StandardDrawingView fDefaultToolButton: ToolButton fSelectedToolButton: ToolButton fDrawingFilename: String fgUntitled: String fgDrawPath: String IMAGES: String FILE_MENU: int EDIT_MENU: int ALIGNMENT_MENU: int ATTRIBUTES_MENU: int ,open{ Params :  Returns : void} addListeners{ Params :  Returns : void} windowClosing{ Params : WindowEvent Returns : void} initDrawing{ Params :  Returns : void} createMenus{ Params : MenuBar Returns : void} createFileMenu{ Params :  Returns : Menu} actionPerformed{ Params : ActionEvent Returns : void} actionPerformed{ Params : ActionEvent Returns : void} actionPerformed{ Params : ActionEvent Returns : void} actionPerformed{ Params : ActionEvent Returns : void} actionPerformed{ Params : ActionEvent Returns : void} actionPerformed{ Params : ActionEvent Returns : void} createEditMenu{ Params :  Returns : Menu} createAlignmentMenu{ Params :  Returns : Menu} createDebugMenu{ Params :  Returns : Menu} actionPerformed{ Params : ActionEvent Returns : void} actionPerformed{ Params : ActionEvent Returns : void} createAttributesMenu{ Params :  Returns : Menu} createColorMenu{ Params : String,String Returns : Menu} createArrowMenu{ Params :  Returns : Menu} createFontMenu{ Params :  Returns : Menu} createFontStyleMenu{ Params :  Returns : Menu} createFontSizeMenu{ Params :  Returns : Menu} createToolPalette{ Params :  Returns : Panel} createTools{ Params : Panel Returns : void} createSelectionTool{ Params :  Returns : Tool} createToolButton{ Params : String,String,Tool Returns : ToolButton} createDrawingView{ Params :  Returns : StandardDrawingView} getDrawingViewSize{ Params :  Returns : Dimension} createDrawing{ Params :  Returns : Drawing} createContents{ Params : StandardDrawingView Returns : Component} setDrawing{ Params : Drawing Returns : void} defaultSize{ Params :  Returns : Dimension} createStatusLine{ Params :  Returns : TextField} paletteUserSelected{ Params : PaletteButton Returns : void} paletteUserOver{ Params : PaletteButton,boolean Returns : void} drawing{ Params :  Returns : Drawing} tool{ Params :  Returns : Tool} view{ Params :  Returns : DrawingView} toolDone{ Params :  Returns : void} selectionChanged{ Params : DrawingView Returns : void} showStatus{ Params : String Returns : void} setTool{ Params : Tool,String Returns : void} setSelected{ Params : ToolButton Returns : void} exit{ Params :  Returns : void} destroy{ Params :  Returns : void} promptNew{ Params :  Returns : void} promptOpen{ Params :  Returns : void} promptSaveAs{ Params :  Returns : void} promptSaveAsSerialized{ Params :  Returns : void} print{ Params :  Returns : void} getSavePath{ Params : String Returns : String} stripTrailingAsterisks{ Params : String Returns : String} saveAsStorableOutput{ Params : String Returns : void} saveAsObjectOutput{ Params : String Returns : void} loadDrawing{ Params : String Returns : void} readFromStorableInput{ Params : String Returns : void} readFromObjectInput{ Params : String Returns : void} guessType{ Params : String Returns : String} ,,,,,DrawingEditor PaletteListener ,,,,Iconkit BorderLayout MenuBar WindowAdapter Menu MenuItem MenuShortcut ActionListener MenuItem MenuShortcut ActionListener MenuItem MenuShortcut ActionListener MenuItem ActionListener MenuItem MenuShortcut ActionListener MenuItem ActionListener CommandMenu CutCommand MenuShortcut CopyCommand MenuShortcut PasteCommand MenuShortcut DuplicateCommand MenuShortcut DeleteCommand GroupCommand UngroupCommand SendToBackCommand BringToFrontCommand CommandMenu ToggleGridCommand Point AlignCommand AlignCommand AlignCommand AlignCommand AlignCommand AlignCommand Menu MenuItem ActionListener SimpleUpdateStrategy MenuItem ActionListener BufferedUpdateStrategy Menu CommandMenu ChangeAttributeCommand CommandMenu ChangeAttributeCommand Integer ChangeAttributeCommand Integer ChangeAttributeCommand Integer ChangeAttributeCommand Integer CommandMenu ChangeAttributeCommand CommandMenu ChangeAttributeCommand Integer ChangeAttributeCommand Integer ChangeAttributeCommand Integer CommandMenu ChangeAttributeCommand Integer Panel PaletteLayout Point SelectionTool ToolButton StandardDrawingView Dimension StandardDrawing ScrollPane Dimension TextField FileDialog FileDialog FileOutputStream StorableOutput FileOutputStream ObjectOutputStream FileInputStream StorableInput FileInputStream ObjectInputStream 
JHotDraw,CH.ifa.draw.contrib,ChopPolygonConnector,1,1,0,0,0,false,ChopBoxConnector ,0 ,0 ,serialVersionUID: long ,chop{ Params : Figure,Point Returns : Point} ,,,,,,,,,
JHotDraw,CH.ifa.draw.contrib,DiamondFigure,1,1,0,0,0,false,RectangleFigure ,0 ,0 ,,polygon{ Params :  Returns : Polygon} draw{ Params : Graphics Returns : void} connectionInsets{ Params :  Returns : Insets} containsPoint{ Params : int,int Returns : boolean} ,,,,,,,,,Point Point Polygon Insets 
JHotDraw,CH.ifa.draw.contrib,PolygonFigure,1,1,0,0,0,false,AttributeFigure ,0 ,0 ,TOO_CLOSE: int serialVersionUID: long polygonFigureSerializedDataVersion: int fPoly: Polygon ,displayBox{ Params :  Returns : Rectangle} isEmpty{ Params :  Returns : boolean} handles{ Params :  Returns : Vector} basicDisplayBox{ Params : Point,Point Returns : void} getPolygon{ Params :  Returns : Polygon} center{ Params :  Returns : Point} points{ Params :  Returns : Enumeration} pointCount{ Params :  Returns : int} basicMoveBy{ Params : int,int Returns : void} drawBackground{ Params : Graphics Returns : void} drawFrame{ Params : Graphics Returns : void} containsPoint{ Params : int,int Returns : boolean} connectorAt{ Params : int,int Returns : Connector} addPoint{ Params : int,int Returns : void} setPointAt{ Params : Point,int Returns : void} insertPointAt{ Params : Point,int Returns : void} removePointAt{ Params : int Returns : void} scaleRotate{ Params : Point,Polygon,Point Returns : void} smoothPoints{ Params :  Returns : void} splitSegment{ Params : int,int Returns : int} pointAt{ Params : int Returns : Point} outermostPoint{ Params :  Returns : Point} findSegment{ Params : int,int Returns : int} chop{ Params : Point Returns : Point} write{ Params : StorableOutput Returns : void} read{ Params : StorableInput Returns : void} locator{ Params : int Returns : Locator} locate{ Params : Figure Returns : Point} distanceFromLine{ Params : int,int,int,int,int,int Returns : double} bounds{ Params : Polygon Returns : Rectangle} center{ Params : Polygon Returns : Point} chop{ Params : Polygon,Point Returns : Point} ,,locator distanceFromLine bounds center chop ,,,,,,,Polygon Polygon Vector PolygonHandle PolygonScaleHandle Point Polygon Vector Point ChopPolygonConnector Polygon Polygon Polygon Polygon Point Point Point Polygon AbstractLocator Point Rectangle Point Point 
JHotDraw,CH.ifa.draw.contrib,PolygonHandle,1,1,0,0,0,false,AbstractHandle ,0 ,0 ,fIndex: int fLocator: Locator ,invokeStep{ Params : int,int,int,int,DrawingView Returns : void} invokeEnd{ Params : int,int,int,int,DrawingView Returns : void} locate{ Params :  Returns : Point} myOwner{ Params :  Returns : PolygonFigure} ,,,,,,Locator ,,Locator ,Point 
JHotDraw,CH.ifa.draw.contrib,PolygonScaleHandle,1,0,0,0,0,false,AbstractHandle ,0 ,0 ,fOrigin: Point fCurrent: Point fOrigPoly: Polygon ,invokeStart{ Params : int,int,Drawing Returns : void} invokeStep{ Params : int,int,Drawing Returns : void} invokeEnd{ Params : int,int,Drawing Returns : void} locate{ Params :  Returns : Point} getOrigin{ Params :  Returns : Point} draw{ Params : Graphics Returns : void} ,,,,,,Polygon ,,Polygon ,Point Point Point Point Point 
JHotDraw,CH.ifa.draw.contrib,PolygonTool,1,1,0,0,0,false,AbstractTool ,0 ,0 ,fPolygon: PolygonFigure fLastX: int ,activate{ Params :  Returns : void} deactivate{ Params :  Returns : void} addPoint{ Params : int,int Returns : void} mouseDown{ Params : MouseEvent,int,int Returns : void} mouseMove{ Params : MouseEvent,int,int Returns : void} mouseDrag{ Params : MouseEvent,int,int Returns : void} mouseUp{ Params : MouseEvent,int,int Returns : void} ,,,,,,int int ,,int int ,PolygonFigure Point 
JHotDraw,CH.ifa.draw.contrib,TriangleFigure,1,1,0,0,0,false,RectangleFigure ,0 ,0 ,rotations: double fRotation: int ,handles{ Params :  Returns : Vector} rotate{ Params : double Returns : void} polygon{ Params :  Returns : Polygon} draw{ Params : Graphics Returns : void} connectionInsets{ Params :  Returns : Insets} containsPoint{ Params : int,int Returns : boolean} center{ Params :  Returns : Point} chop{ Params : Point Returns : Point} clone{ Params :  Returns : Object} write{ Params : StorableOutput Returns : void} read{ Params : StorableInput Returns : void} ,,,,,,,,,Point Point TriangleRotationHandle Polygon Insets Insets Insets Insets Insets Insets Insets Insets 
JHotDraw,CH.ifa.draw.contrib,TriangleRotationHandle,1,0,0,0,0,false,AbstractHandle ,0 ,0 ,fOrigin: Point fCenter: Point ,invokeStart{ Params : int,int,Drawing Returns : void} invokeStep{ Params : int,int,Drawing Returns : void} invokeEnd{ Params : int,int,Drawing Returns : void} locate{ Params :  Returns : Point} getOrigin{ Params :  Returns : Point} draw{ Params : Graphics Returns : void} ,,,,,,Point ,,Point ,Point Point Point Point 
JHotDraw,CH.ifa.draw.figures,ArrowTip,1,1,0,0,0,false,0 ,LineDecoration ,0 ,fAngle: double fOuterRadius: double fInnerRadius: double serialVersionUID: long arrowTipSerializedDataVersion: int ,draw{ Params : Graphics,int,int,int,int Returns : void} outline{ Params : int,int,int,int Returns : Polygon} outline{ Params : int,int,double Returns : Polygon} addPointRelative{ Params : Polygon,int,int,double,double Returns : void} write{ Params : StorableOutput Returns : void} read{ Params : StorableInput Returns : void} ,,,,,LineDecoration ,int ,,int ,Polygon 
JHotDraw,CH.ifa.draw.figures,AttributeFigure,1,1,1,0,0,false,AbstractFigure ,0 ,0 ,fAttributes: FigureAttributes fgDefaultAttributes: FigureAttributes serialVersionUID: long attributeFigureSerializedDataVersion: int ,draw{ Params : Graphics Returns : void} drawBackground{ Params : Graphics Returns : void} drawFrame{ Params : Graphics Returns : void} getFillColor{ Params :  Returns : Color} getFrameColor{ Params :  Returns : Color} initializeAttributes{ Params :  Returns : void} getDefaultAttribute{ Params : String Returns : Object} getAttribute{ Params : String Returns : Object} setAttribute{ Params : String,Object Returns : void} write{ Params : StorableOutput Returns : void} read{ Params : StorableInput Returns : void} ,,initializeAttributes getDefaultAttribute ,,,,int ,,int ,FigureAttributes Color Integer Integer Integer FigureAttributes FigureAttributes 
JHotDraw,CH.ifa.draw.figures,BorderDecorator,1,1,0,0,0,false,DecoratorFigure ,0 ,0 ,serialVersionUID: long borderDecoratorSerializedDataVersion: int ,border{ Params :  Returns : Point} draw{ Params : Graphics Returns : void} displayBox{ Params :  Returns : Rectangle} figureInvalidated{ Params : FigureChangeEvent Returns : void} connectionInsets{ Params :  Returns : Insets} ,,,,,,int ,,int ,Point FigureChangeEvent 
JHotDraw,CH.ifa.draw.figures,BorderTool,1,1,0,0,0,false,ActionTool ,0 ,0 ,,action{ Params : Figure Returns : void} ,,,,,,,,,BorderDecorator 
JHotDraw,CH.ifa.draw.figures,ChopEllipseConnector,1,1,0,0,0,false,ChopBoxConnector ,0 ,0 ,serialVersionUID: long ,chop{ Params : Figure,Point Returns : Point} ,,,,,,,,,
JHotDraw,CH.ifa.draw.figures,ConnectedTextTool,1,1,0,0,0,false,TextTool ,0 ,0 ,fConnected: boolean ,mouseDown{ Params : MouseEvent,int,int Returns : void} activate{ Params :  Returns : void} ,,,,,,,,,
JHotDraw,CH.ifa.draw.figures,ElbowConnection,1,1,0,0,0,false,LineConnection ,0 ,0 ,serialVersionUID: long elbowConnectionSerializedDataVersion: int ,updateConnection{ Params :  Returns : void} layoutConnection{ Params :  Returns : void} handles{ Params :  Returns : Vector} connectedTextLocator{ Params : Figure Returns : Locator} updatePoints{ Params :  Returns : void} ,,,,,,int ,,int ,Vector ChangeConnectionStartHandle NullHandle ChangeConnectionEndHandle ElbowHandle ElbowTextLocator Point Point Point Point 
JHotDraw,CH.ifa.draw.figures,ElbowHandle,1,1,0,0,0,false,AbstractHandle ,0 ,0 ,fSegment: int fLastX: int ,invokeStart{ Params : int,int,DrawingView Returns : void} invokeStep{ Params : int,int,int,int,DrawingView Returns : void} isVertical{ Params : Point,Point Returns : boolean} locate{ Params :  Returns : Point} draw{ Params : Graphics Returns : void} constrainX{ Params : int Returns : int} constrainY{ Params : int Returns : int} ownerConnection{ Params :  Returns : LineConnection} ,,,,,,int int ,,int int ,Point Point Point Point Point 
JHotDraw,CH.ifa.draw.figures,ElbowTextLocator,1,0,0,0,0,false,AbstractLocator ,0 ,0 ,,locate{ Params : Figure Returns : Point} ,,,,,,,,,Point 
JHotDraw,CH.ifa.draw.figures,EllipseFigure,1,1,0,0,0,false,AttributeFigure ,0 ,0 ,fDisplayBox: Rectangle serialVersionUID: long ellipseFigureSerializedDataVersion: int ,handles{ Params :  Returns : Vector} basicDisplayBox{ Params : Point,Point Returns : void} displayBox{ Params :  Returns : Rectangle} basicMoveBy{ Params : int,int Returns : void} drawBackground{ Params : Graphics Returns : void} drawFrame{ Params : Graphics Returns : void} connectionInsets{ Params :  Returns : Insets} connectorAt{ Params : int,int Returns : Connector} write{ Params : StorableOutput Returns : void} read{ Params : StorableInput Returns : void} ,,,,,,int ,,int ,Point Point Vector Rectangle Rectangle Insets ChopEllipseConnector Rectangle 
JHotDraw,CH.ifa.draw.figures,FigureAttributes,1,1,0,0,0,false,Object ,Cloneable Serializable ,0 ,fMap: Hashtable serialVersionUID: long figureAttributesSerializedDataVersion: int ,get{ Params : String Returns : Object} set{ Params : String,Object Returns : void} hasDefined{ Params : String Returns : boolean} clone{ Params :  Returns : Object} read{ Params : StorableInput Returns : void} write{ Params : StorableOutput Returns : void} ,,,,,Cloneable Serializable ,int ,,int ,Hashtable InternalError IOException Hashtable Color Boolean Integer 
JHotDraw,CH.ifa.draw.figures,FontSizeHandle,1,1,0,0,0,false,LocatorHandle ,0 ,0 ,fFont: Font fSize: int ,invokeStart{ Params : int,int,DrawingView Returns : void} invokeStep{ Params : int,int,int,int,DrawingView Returns : void} draw{ Params : Graphics Returns : void} ,,,,,,int ,,int ,Font 
JHotDraw,CH.ifa.draw.figures,GroupCommand,1,1,0,0,0,false,Command ,0 ,0 ,fView: DrawingView ,execute{ Params :  Returns : void} isExecutable{ Params :  Returns : boolean} ,,,,,,DrawingView ,,DrawingView ,GroupFigure 
JHotDraw,CH.ifa.draw.figures,GroupFigure,1,1,0,0,0,false,CompositeFigure ,0 ,0 ,serialVersionUID: long groupFigureSerializedDataVersion: int ,canConnect{ Params :  Returns : boolean} displayBox{ Params :  Returns : Rectangle} basicDisplayBox{ Params : Point,Point Returns : void} decompose{ Params :  Returns : FigureEnumeration} handles{ Params :  Returns : Vector} setAttribute{ Params : String,Object Returns : void} ,,,,,,int ,,int ,FigureEnumerator Vector GroupHandle GroupHandle GroupHandle GroupHandle 
JHotDraw,CH.ifa.draw.figures,GroupHandle,1,0,0,0,1,false,NullHandle ,0 ,0 ,,draw{ Params : Graphics Returns : void} ,,,,,,,,,
JHotDraw,CH.ifa.draw.figures,ImageFigure,1,1,0,0,0,false,AttributeFigure ,ImageObserver ,0 ,fFileName: String fImage: Image fDisplayBox: Rectangle serialVersionUID: long imageFigureSerializedDataVersion: int ,basicDisplayBox{ Params : Point,Point Returns : void} handles{ Params :  Returns : Vector} displayBox{ Params :  Returns : Rectangle} basicMoveBy{ Params : int,int Returns : void} draw{ Params : Graphics Returns : void} drawGhost{ Params : Graphics Returns : void} imageUpdate{ Params : Image,int,int,int,int,int Returns : boolean} write{ Params : StorableOutput Returns : void} read{ Params : StorableInput Returns : void} readObject{ Params : ObjectInputStream Returns : void} ,,,,,ImageObserver ,int ,,int ,Rectangle Rectangle Vector Rectangle FigureChangeEvent Rectangle 
JHotDraw,CH.ifa.draw.figures,InsertImageCommand,1,1,0,0,0,false,Command ,0 ,0 ,fView: DrawingView fImage: String ,execute{ Params :  Returns : void} ,,,,,,String ,,String ,ImageFigure 
JHotDraw,CH.ifa.draw.figures,LineConnection,1,1,0,0,0,false,PolyLineFigure ,ConnectionFigure ,0 ,fStart: Connector fEnd: Connector serialVersionUID: long lineConnectionSerializedDataVersion: int ,canConnect{ Params :  Returns : boolean} basicMoveBy{ Params : int,int Returns : void} connectStart{ Params : Connector Returns : void} connectEnd{ Params : Connector Returns : void} disconnectStart{ Params :  Returns : void} disconnectEnd{ Params :  Returns : void} connectsSame{ Params : ConnectionFigure Returns : boolean} handleDisconnect{ Params : Figure,Figure Returns : void} handleConnect{ Params : Figure,Figure Returns : void} startFigure{ Params :  Returns : Figure} endFigure{ Params :  Returns : Figure} start{ Params :  Returns : Connector} end{ Params :  Returns : Connector} canConnect{ Params : Figure,Figure Returns : boolean} startPoint{ Params : int,int Returns : void} endPoint{ Params : int,int Returns : void} startPoint{ Params :  Returns : Point} endPoint{ Params :  Returns : Point} handles{ Params :  Returns : Vector} setPointAt{ Params : Point,int Returns : void} insertPointAt{ Params : Point,int Returns : void} removePointAt{ Params : int Returns : void} updateConnection{ Params :  Returns : void} layoutConnection{ Params :  Returns : void} figureChanged{ Params : FigureChangeEvent Returns : void} figureRemoved{ Params : FigureChangeEvent Returns : void} figureRequestRemove{ Params : FigureChangeEvent Returns : void} figureInvalidated{ Params : FigureChangeEvent Returns : void} figureRequestUpdate{ Params : FigureChangeEvent Returns : void} release{ Params :  Returns : void} write{ Params : StorableOutput Returns : void} read{ Params : StorableInput Returns : void} readObject{ Params : ObjectInputStream Returns : void} ,,,,,ConnectionFigure ,int ,,int ,ArrowTip ArrowTip Point Point Point Point Point Point Vector ChangeConnectionStartHandle PolyLineHandle ChangeConnectionEndHandle FigureChangeEvent 
JHotDraw,CH.ifa.draw.figures,LineDecoration,2,1,0,0,0,true,PolyLineFigure ,ConnectionFigure ,0 ,,draw{ Params : Graphics,int,int,int,int Returns : void} ,,,,draw ,,,,,
JHotDraw,CH.ifa.draw.figures,LineFigure,1,1,0,0,0,false,PolyLineFigure ,0 ,0 ,serialVersionUID: long lineFigureSerializedDataVersion: int ,startPoint{ Params :  Returns : Point} endPoint{ Params :  Returns : Point} startPoint{ Params : int,int Returns : void} endPoint{ Params : int,int Returns : void} setPoints{ Params : Point,Point Returns : void} basicDisplayBox{ Params : Point,Point Returns : void} ,,,,,,int ,,int ,Point Point 
JHotDraw,CH.ifa.draw.figures,NumberTextFigure,1,1,0,0,0,false,TextFigure ,0 ,0 ,serialVersionUID: long numberTextFigureSerializedDataVersion: int ,overlayColumns{ Params :  Returns : int} getValue{ Params :  Returns : int} setValue{ Params : int Returns : void} ,,,,,,int ,,int ,
JHotDraw,CH.ifa.draw.figures,PolyLineConnector,1,1,0,0,0,false,ChopBoxConnector ,0 ,0 ,serialVersionUID: long ,chop{ Params : Figure,Point Returns : Point} ,,,,,,,,,Point 
JHotDraw,CH.ifa.draw.figures,PolyLineFigure,1,1,0,0,0,false,AbstractFigure ,0 ,0 ,ARROW_TIP_NONE: int ARROW_TIP_START: int ARROW_TIP_END: int ARROW_TIP_BOTH: int fPoints: Vector fStartDecoration: LineDecoration fEndDecoration: LineDecoration fFrameColor: Color serialVersionUID: long polyLineFigureSerializedDataVersion: int ,displayBox{ Params :  Returns : Rectangle} isEmpty{ Params :  Returns : boolean} handles{ Params :  Returns : Vector} basicDisplayBox{ Params : Point,Point Returns : void} addPoint{ Params : int,int Returns : void} points{ Params :  Returns : Enumeration} pointCount{ Params :  Returns : int} basicMoveBy{ Params : int,int Returns : void} setPointAt{ Params : Point,int Returns : void} insertPointAt{ Params : Point,int Returns : void} removePointAt{ Params : int Returns : void} splitSegment{ Params : int,int Returns : int} pointAt{ Params : int Returns : Point} joinSegments{ Params : int,int Returns : boolean} connectorAt{ Params : int,int Returns : Connector} setStartDecoration{ Params : LineDecoration Returns : void} setEndDecoration{ Params : LineDecoration Returns : void} draw{ Params : Graphics Returns : void} containsPoint{ Params : int,int Returns : boolean} findSegment{ Params : int,int Returns : int} decorate{ Params : Graphics Returns : void} getAttribute{ Params : String Returns : Object} setAttribute{ Params : String,Object Returns : void} write{ Params : StorableOutput Returns : void} read{ Params : StorableInput Returns : void} locator{ Params : int Returns : Locator} getFrameColor{ Params :  Returns : Color} setFrameColor{ Params : Color Returns : void} ,,locator ,,,,int ,,int ,Vector Vector Vector Point Rectangle Vector PolyLineHandle Point Point PolyLineConnector Integer ArrowTip ArrowTip Vector Point PolyLineLocator 
JHotDraw,CH.ifa.draw.figures,PolyLineHandle,1,1,0,0,0,false,LocatorHandle ,0 ,0 ,fIndex: int fAnchor: Point ,invokeStart{ Params : int,int,DrawingView Returns : void} invokeStep{ Params : int,int,int,int,DrawingView Returns : void} myOwner{ Params :  Returns : PolyLineFigure} ,,,,,,Point ,,Point ,Point Point 
JHotDraw,CH.ifa.draw.figures,PolyLineLocator,1,0,0,0,0,false,AbstractLocator ,0 ,0 ,fIndex: int ,locate{ Params : Figure Returns : Point} ,,,,,,,,,Point 
JHotDraw,CH.ifa.draw.figures,RadiusHandle,1,0,0,0,0,false,AbstractHandle ,0 ,0 ,fRadius: Point fOwner: RoundRectangleFigure OFFSET: int ,invokeStart{ Params : int,int,DrawingView Returns : void} invokeStep{ Params : int,int,int,int,DrawingView Returns : void} locate{ Params :  Returns : Point} draw{ Params : Graphics Returns : void} ,,,,,,,,,Point 
JHotDraw,CH.ifa.draw.figures,RectangleFigure,1,1,0,0,0,false,AttributeFigure ,0 ,0 ,fDisplayBox: Rectangle serialVersionUID: long rectangleFigureSerializedDataVersion: int ,basicDisplayBox{ Params : Point,Point Returns : void} handles{ Params :  Returns : Vector} displayBox{ Params :  Returns : Rectangle} basicMoveBy{ Params : int,int Returns : void} drawBackground{ Params : Graphics Returns : void} drawFrame{ Params : Graphics Returns : void} write{ Params : StorableOutput Returns : void} read{ Params : StorableInput Returns : void} ,,,,,,int ,,int ,Point Point Rectangle Vector Rectangle Rectangle 
JHotDraw,CH.ifa.draw.figures,RoundRectangleFigure,1,1,0,0,0,false,AttributeFigure ,0 ,0 ,fDisplayBox: Rectangle fArcWidth: int fArcHeight: int DEFAULT_ARC: int serialVersionUID: long roundRectangleSerializedDataVersion: int ,basicDisplayBox{ Params : Point,Point Returns : void} setArc{ Params : int,int Returns : void} getArc{ Params :  Returns : Point} handles{ Params :  Returns : Vector} displayBox{ Params :  Returns : Rectangle} basicMoveBy{ Params : int,int Returns : void} drawBackground{ Params : Graphics Returns : void} drawFrame{ Params : Graphics Returns : void} connectionInsets{ Params :  Returns : Insets} connectorAt{ Params : int,int Returns : Connector} write{ Params : StorableOutput Returns : void} read{ Params : StorableInput Returns : void} ,,,,,,int ,,int ,Point Point Rectangle Point Vector RadiusHandle Rectangle Insets ShortestDistanceConnector Rectangle 
JHotDraw,CH.ifa.draw.figures,ScribbleTool,1,1,0,0,0,false,AbstractTool ,0 ,0 ,fScribble: PolyLineFigure fLastX: int ,activate{ Params :  Returns : void} deactivate{ Params :  Returns : void} point{ Params : int,int Returns : void} mouseDown{ Params : MouseEvent,int,int Returns : void} mouseDrag{ Params : MouseEvent,int,int Returns : void} ,,,,,,int int ,,int int ,PolyLineFigure 
JHotDraw,CH.ifa.draw.figures,ShortestDistanceConnector,1,1,0,0,0,false,AbstractConnector ,0 ,0 ,serialVersionUID: long ,findStart{ Params : ConnectionFigure Returns : Point} findEnd{ Params : ConnectionFigure Returns : Point} findPoint{ Params : ConnectionFigure,boolean Returns : Point} ,,,,,,,,,Point Point Point Point Point Point Point Point 
JHotDraw,CH.ifa.draw.figures,TextFigure,1,1,0,0,0,false,AttributeFigure ,FigureChangeListener TextHolder ,0 ,fOriginX: int fOriginY: int fSizeIsDirty: boolean fWidth: int fHeight: int fText: String fFont: Font fIsReadOnly: boolean fObservedFigure: Figure fLocator: OffsetLocator fgCurrentFontName: String fgCurrentFontSize: int fgCurrentFontStyle: int serialVersionUID: long textFigureSerializedDataVersion: int ,moveBy{ Params : int,int Returns : void} basicMoveBy{ Params : int,int Returns : void} basicDisplayBox{ Params : Point,Point Returns : void} displayBox{ Params :  Returns : Rectangle} textDisplayBox{ Params :  Returns : Rectangle} readOnly{ Params :  Returns : boolean} setReadOnly{ Params : boolean Returns : void} getFont{ Params :  Returns : Font} setFont{ Params : Font Returns : void} changed{ Params :  Returns : void} getAttribute{ Params : String Returns : Object} setAttribute{ Params : String,Object Returns : void} getText{ Params :  Returns : String} setText{ Params : String Returns : void} acceptsTyping{ Params :  Returns : boolean} drawBackground{ Params : Graphics Returns : void} drawFrame{ Params : Graphics Returns : void} textExtent{ Params :  Returns : Dimension} markDirty{ Params :  Returns : void} overlayColumns{ Params :  Returns : int} handles{ Params :  Returns : Vector} write{ Params : StorableOutput Returns : void} read{ Params : StorableInput Returns : void} readObject{ Params : ObjectInputStream Returns : void} connect{ Params : Figure Returns : void} figureChanged{ Params : FigureChangeEvent Returns : void} figureRemoved{ Params : FigureChangeEvent Returns : void} figureRequestRemove{ Params : FigureChangeEvent Returns : void} figureInvalidated{ Params : FigureChangeEvent Returns : void} figureRequestUpdate{ Params : FigureChangeEvent Returns : void} updateLocation{ Params :  Returns : void} release{ Params :  Returns : void} disconnect{ Params :  Returns : void} createCurrentFont{ Params :  Returns : Font} setCurrentFontName{ Params : String Returns : void} setCurrentFontSize{ Params : int Returns : void} setCurrentFontStyle{ Params : int Returns : void} ,,createCurrentFont setCurrentFontName setCurrentFontSize setCurrentFontStyle ,,,FigureChangeListener TextHolder ,int ,,int ,String Rectangle Integer Integer Font Font Font String Dimension Dimension Vector NullHandle NullHandle NullHandle FontSizeHandle Font OffsetLocator FigureChangeEvent Font 
JHotDraw,CH.ifa.draw.figures,TextTool,1,1,0,0,0,false,CreationTool ,0 ,0 ,fTextField: FloatingTextField fTypingTarget: TextHolder ,mouseDown{ Params : MouseEvent,int,int Returns : void} mouseDrag{ Params : MouseEvent,int,int Returns : void} mouseUp{ Params : MouseEvent,int,int Returns : void} deactivate{ Params :  Returns : void} activate{ Params :  Returns : void} beginEdit{ Params : TextHolder Returns : void} endEdit{ Params :  Returns : void} fieldBounds{ Params : TextHolder Returns : Rectangle} ,,,,,,TextHolder ,,TextHolder ,FloatingTextField Rectangle 
JHotDraw,CH.ifa.draw.figures,UngroupCommand,1,1,0,0,0,false,Command ,0 ,0 ,fView: DrawingView ,execute{ Params :  Returns : void} isExecutable{ Params :  Returns : boolean} ,,,,,,DrawingView ,,DrawingView ,Vector 
JHotDraw,CH.ifa.draw.framework,ConnectionFigure,2,1,0,0,0,true,Command ,0 ,0 ,,connectStart{ Params : Connector Returns : void} connectEnd{ Params : Connector Returns : void} updateConnection{ Params :  Returns : void} disconnectStart{ Params :  Returns : void} disconnectEnd{ Params :  Returns : void} start{ Params :  Returns : Connector} end{ Params :  Returns : Connector} canConnect{ Params : Figure,Figure Returns : boolean} connectsSame{ Params : ConnectionFigure Returns : boolean} startPoint{ Params : int,int Returns : void} endPoint{ Params : int,int Returns : void} startPoint{ Params :  Returns : Point} endPoint{ Params :  Returns : Point} setPointAt{ Params : Point,int Returns : void} pointAt{ Params : int Returns : Point} pointCount{ Params :  Returns : int} splitSegment{ Params : int,int Returns : int} joinSegments{ Params : int,int Returns : boolean} ,,,,,,,,,
JHotDraw,CH.ifa.draw.framework,Connector,2,1,0,0,0,true,Command ,0 ,0 ,,findStart{ Params : ConnectionFigure Returns : Point} findEnd{ Params : ConnectionFigure Returns : Point} owner{ Params :  Returns : Figure} displayBox{ Params :  Returns : Rectangle} containsPoint{ Params : int,int Returns : boolean} draw{ Params : Graphics Returns : void} ,,,,findStart findEnd owner displayBox containsPoint draw ,,,,,
JHotDraw,CH.ifa.draw.framework,Drawing,2,1,0,0,0,true,Command ,0 ,0 ,,release{ Params :  Returns : void} figures{ Params :  Returns : FigureEnumeration} figuresReverse{ Params :  Returns : FigureEnumeration} findFigure{ Params : int,int Returns : Figure} findFigure{ Params : Rectangle Returns : Figure} findFigureWithout{ Params : int,int,Figure Returns : Figure} findFigure{ Params : Rectangle,Figure Returns : Figure} findFigureInside{ Params : int,int Returns : Figure} findFigureInsideWithout{ Params : int,int,Figure Returns : Figure} addDrawingChangeListener{ Params : DrawingChangeListener Returns : void} removeDrawingChangeListener{ Params : DrawingChangeListener Returns : void} drawingChangeListeners{ Params :  Returns : Enumeration} add{ Params : Figure Returns : Figure} addAll{ Params : Vector Returns : void} remove{ Params : Figure Returns : Figure} orphan{ Params : Figure Returns : Figure} orphanAll{ Params : Vector Returns : void} removeAll{ Params : Vector Returns : void} replace{ Params : Figure,Figure Returns : void} sendToBack{ Params : Figure Returns : void} bringToFront{ Params : Figure Returns : void} draw{ Params : Graphics Returns : void} figureInvalidated{ Params : FigureChangeEvent Returns : void} figureRequestUpdate{ Params : FigureChangeEvent Returns : void} figureRequestRemove{ Params : FigureChangeEvent Returns : void} lock{ Params :  Returns : void} unlock{ Params :  Returns : void} ,,,,,,,,,
JHotDraw,CH.ifa.draw.framework,DrawingChangeEvent,1,1,0,0,0,false,EventObject ,0 ,0 ,fRectangle: Rectangle ,getDrawing{ Params :  Returns : Drawing} getInvalidatedRectangle{ Params :  Returns : Rectangle} ,,,,,,Rectangle ,,Rectangle ,
JHotDraw,CH.ifa.draw.framework,DrawingChangeListener,2,1,0,0,0,true,EventObject ,0 ,0 ,,drawingInvalidated{ Params : DrawingChangeEvent Returns : void} drawingRequestUpdate{ Params : DrawingChangeEvent Returns : void} ,,,,,,,,,
JHotDraw,CH.ifa.draw.framework,DrawingEditor,2,1,0,0,0,true,EventObject ,0 ,0 ,,view{ Params :  Returns : DrawingView} drawing{ Params :  Returns : Drawing} tool{ Params :  Returns : Tool} toolDone{ Params :  Returns : void} selectionChanged{ Params : DrawingView Returns : void} showStatus{ Params : String Returns : void} ,,,,,,,,,
JHotDraw,CH.ifa.draw.framework,DrawingView,2,1,0,0,0,true,EventObject ,0 ,0 ,,setEditor{ Params : DrawingEditor Returns : void} tool{ Params :  Returns : Tool} drawing{ Params :  Returns : Drawing} setDrawing{ Params : Drawing Returns : void} editor{ Params :  Returns : DrawingEditor} add{ Params : Figure Returns : Figure} remove{ Params : Figure Returns : Figure} addAll{ Params : Vector Returns : void} getSize{ Params :  Returns : Dimension} getMinimumSize{ Params :  Returns : Dimension} getPreferredSize{ Params :  Returns : Dimension} setDisplayUpdate{ Params : Painter Returns : void} selection{ Params :  Returns : Vector} selectionElements{ Params :  Returns : FigureEnumeration} selectionZOrdered{ Params :  Returns : Vector} selectionCount{ Params :  Returns : int} addToSelection{ Params : Figure Returns : void} addToSelectionAll{ Params : Vector Returns : void} removeFromSelection{ Params : Figure Returns : void} toggleSelection{ Params : Figure Returns : void} clearSelection{ Params :  Returns : void} getFigureSelection{ Params :  Returns : FigureSelection} findHandle{ Params : int,int Returns : Handle} lastClick{ Params :  Returns : Point} setConstrainer{ Params : PointConstrainer Returns : void} getConstrainer{ Params :  Returns : PointConstrainer} checkDamage{ Params :  Returns : void} repairDamage{ Params :  Returns : void} paint{ Params : Graphics Returns : void} createImage{ Params : int,int Returns : Image} getGraphics{ Params :  Returns : Graphics} getBackground{ Params :  Returns : Color} setBackground{ Params : Color Returns : void} drawAll{ Params : Graphics Returns : void} drawHandles{ Params : Graphics Returns : void} drawDrawing{ Params : Graphics Returns : void} drawBackground{ Params : Graphics Returns : void} setCursor{ Params : Cursor Returns : void} freezeView{ Params :  Returns : void} unfreezeView{ Params :  Returns : void} ,,,,,,,,,
JHotDraw,CH.ifa.draw.framework,Figure,2,1,0,0,0,true,EventObject ,0 ,0 ,,moveBy{ Params : int,int Returns : void} basicDisplayBox{ Params : Point,Point Returns : void} displayBox{ Params : Point,Point Returns : void} displayBox{ Params :  Returns : Rectangle} draw{ Params : Graphics Returns : void} handles{ Params :  Returns : Vector} size{ Params :  Returns : Dimension} center{ Params :  Returns : Point} isEmpty{ Params :  Returns : boolean} figures{ Params :  Returns : FigureEnumeration} findFigureInside{ Params : int,int Returns : Figure} containsPoint{ Params : int,int Returns : boolean} clone{ Params :  Returns : Object} displayBox{ Params : Rectangle Returns : void} includes{ Params : Figure Returns : boolean} decompose{ Params :  Returns : FigureEnumeration} addToContainer{ Params : FigureChangeListener Returns : void} removeFromContainer{ Params : FigureChangeListener Returns : void} listener{ Params :  Returns : FigureChangeListener} addFigureChangeListener{ Params : FigureChangeListener Returns : void} removeFigureChangeListener{ Params : FigureChangeListener Returns : void} release{ Params :  Returns : void} invalidate{ Params :  Returns : void} willChange{ Params :  Returns : void} changed{ Params :  Returns : void} canConnect{ Params :  Returns : boolean} connectorAt{ Params : int,int Returns : Connector} connectorVisibility{ Params : boolean Returns : void} connectionInsets{ Params :  Returns : Insets} connectedTextLocator{ Params : Figure Returns : Locator} getAttribute{ Params : String Returns : Object} setAttribute{ Params : String,Object Returns : void} ,,,,,,,,,
JHotDraw,CH.ifa.draw.framework,FigureChangeEvent,1,1,0,0,0,false,EventObject ,0 ,0 ,fRectangle: Rectangle fgEmptyRectangle: Rectangle ,getFigure{ Params :  Returns : Figure} getInvalidatedRectangle{ Params :  Returns : Rectangle} ,,,,,,,,,Rectangle 
JHotDraw,CH.ifa.draw.framework,FigureChangeListener,2,1,0,0,0,true,EventObject ,0 ,0 ,,figureInvalidated{ Params : FigureChangeEvent Returns : void} figureChanged{ Params : FigureChangeEvent Returns : void} figureRemoved{ Params : FigureChangeEvent Returns : void} figureRequestRemove{ Params : FigureChangeEvent Returns : void} figureRequestUpdate{ Params : FigureChangeEvent Returns : void} ,,,,,,,,,
JHotDraw,CH.ifa.draw.framework,FigureEnumeration,2,1,0,0,0,true,EventObject ,0 ,0 ,,nextFigure{ Params :  Returns : Figure} ,,,,,,,,,
JHotDraw,CH.ifa.draw.framework,FigureSelection,1,1,0,0,0,false,Object ,0 ,0 ,fData: byte TYPE: String ,getType{ Params :  Returns : String} getData{ Params : String Returns : Object} ,,,,,,,,,ByteArrayOutputStream StorableOutput ByteArrayInputStream Vector StorableInput 
JHotDraw,CH.ifa.draw.framework,Handle,2,1,0,0,0,true,Object ,0 ,0 ,HANDLESIZE: int ,locate{ Params :  Returns : Point} invokeStart{ Params : int,int,Drawing Returns : void} invokeStart{ Params : int,int,DrawingView Returns : void} invokeStep{ Params : int,int,Drawing Returns : void} invokeStep{ Params : int,int,int,int,DrawingView Returns : void} invokeEnd{ Params : int,int,int,int,DrawingView Returns : void} invokeEnd{ Params : int,int,Drawing Returns : void} owner{ Params :  Returns : Figure} displayBox{ Params :  Returns : Rectangle} containsPoint{ Params : int,int Returns : boolean} draw{ Params : Graphics Returns : void} ,,,,locate ,,,,,
JHotDraw,CH.ifa.draw.framework,HJDError,1,1,0,0,0,false,Error ,0 ,0 ,,,,,,,,,,,
JHotDraw,CH.ifa.draw.framework,Locator,2,1,0,0,0,true,Error ,0 ,0 ,,locate{ Params : Figure Returns : Point} ,,,,,,,,,
JHotDraw,CH.ifa.draw.framework,Painter,2,1,0,0,0,true,Error ,0 ,0 ,,draw{ Params : Graphics,DrawingView Returns : void} ,,,,,,,,,
JHotDraw,CH.ifa.draw.framework,PointConstrainer,2,1,0,0,0,true,Error ,0 ,0 ,,constrainPoint{ Params : Point Returns : Point} getStepX{ Params :  Returns : int} getStepY{ Params :  Returns : int} ,,,,,,,,,
JHotDraw,CH.ifa.draw.framework,Tool,2,1,0,0,0,true,Error ,0 ,0 ,,activate{ Params :  Returns : void} deactivate{ Params :  Returns : void} mouseDown{ Params : MouseEvent,int,int Returns : void} mouseDrag{ Params : MouseEvent,int,int Returns : void} mouseUp{ Params : MouseEvent,int,int Returns : void} mouseMove{ Params : MouseEvent,int,int Returns : void} keyDown{ Params : KeyEvent,int Returns : void} ,,,,,,,,,
JHotDraw,CH.ifa.draw.samples.javadraw,AnimationDecorator,1,1,0,0,0,false,DecoratorFigure ,0 ,0 ,fXVelocity: int fYVelocity: int serialVersionUID: long animationDecoratorSerializedDataVersion: int ,velocity{ Params : int,int Returns : void} velocity{ Params :  Returns : Point} animationStep{ Params :  Returns : void} basicMoveBy{ Params : int,int Returns : void} basicDisplayBox{ Params : Point,Point Returns : void} displayBox{ Params :  Returns : Rectangle} write{ Params : StorableOutput Returns : void} read{ Params : StorableInput Returns : void} ,,,,,,int ,,int ,Point 
JHotDraw,CH.ifa.draw.samples.javadraw,Animator,1,1,0,0,0,false,Thread ,0 ,0 ,fView: DrawingView fAnimatable: Animatable fIsRunning: boolean DELAY: int ,start{ Params :  Returns : void} end{ Params :  Returns : void} run{ Params :  Returns : void} ,,,,,,,,,
JHotDraw,CH.ifa.draw.samples.javadraw,BouncingDrawing,1,1,0,0,0,false,StandardDrawing ,Animatable ,0 ,serialVersionUID: long bouncingDrawingSerializedDataVersion: int ,add{ Params : Figure Returns : Figure} remove{ Params : Figure Returns : Figure} replace{ Params : Figure,Figure Returns : void} animationStep{ Params :  Returns : void} ,,,,,Animatable ,int ,,int ,AnimationDecorator AnimationDecorator 
JHotDraw,CH.ifa.draw.samples.javadraw,FollowURLTool,1,0,0,0,0,false,AbstractTool ,0 ,0 ,fApplet: Applet ,mouseMove{ Params : MouseEvent,int,int Returns : void} mouseUp{ Params : MouseEvent,int,int Returns : void} ,,,,,,Applet ,,Applet ,URL 
JHotDraw,CH.ifa.draw.samples.javadraw,JavaDrawApp,1,1,0,0,0,false,DrawApplication ,0 ,0 ,fAnimator: Animator fgSampleImagesPath: String fgSampleImagesResourcePath: String ,open{ Params :  Returns : void} destroy{ Params :  Returns : void} createTools{ Params : Panel Returns : void} createSelectionTool{ Params :  Returns : Tool} createMenus{ Params : MenuBar Returns : void} createAnimationMenu{ Params :  Returns : Menu} actionPerformed{ Params : ActionEvent Returns : void} actionPerformed{ Params : ActionEvent Returns : void} createWindowMenu{ Params :  Returns : Menu} actionPerformed{ Params : ActionEvent Returns : void} createImagesMenu{ Params :  Returns : Menu} createDrawing{ Params :  Returns : Drawing} defaultSize{ Params :  Returns : Dimension} startAnimation{ Params :  Returns : void} endAnimation{ Params :  Returns : void} openView{ Params :  Returns : void} main{ Params : String[] Returns : void} ,,main ,,,,,,,TextTool TextFigure ConnectedTextTool TextFigure URLTool CreationTool RectangleFigure CreationTool RoundRectangleFigure CreationTool EllipseFigure CreationTool LineFigure ConnectionTool LineConnection ConnectionTool ElbowConnection ScribbleTool PolygonTool BorderTool MySelectionTool Menu MenuItem ActionListener MenuItem ActionListener Menu MenuItem ActionListener CommandMenu File InsertImageCommand BouncingDrawing Dimension Animator JavaDrawApp JavaDrawApp 
JHotDraw,CH.ifa.draw.samples.javadraw,JavaDrawApplet,1,1,0,0,0,false,DrawApplet ,0 ,0 ,fAnimationButton: Button fAnimator: Animator ,destroy{ Params :  Returns : void} createTools{ Params : Panel Returns : void} createButtons{ Params : Panel Returns : void} actionPerformed{ Params : ActionEvent Returns : void} createDrawing{ Params :  Returns : Drawing} startAnimation{ Params :  Returns : void} endAnimation{ Params :  Returns : void} toggleAnimation{ Params :  Returns : void} ,,,,,,Animator ,,Animator ,TextTool TextFigure ConnectedTextTool TextFigure URLTool CreationTool RectangleFigure CreationTool RoundRectangleFigure CreationTool EllipseFigure CreationTool LineFigure ConnectionTool LineConnection ConnectionTool ElbowConnection ScribbleTool PolygonTool BorderTool Button ActionListener BouncingDrawing Animator 
JHotDraw,CH.ifa.draw.samples.javadraw,JavaDrawViewer,1,1,0,0,0,false,Applet ,DrawingEditor ,0 ,fDrawing: Drawing fTool: Tool fView: StandardDrawingView fIconkit: Iconkit ,init{ Params :  Returns : void} loadDrawing{ Params : String Returns : void} view{ Params :  Returns : DrawingView} drawing{ Params :  Returns : Drawing} tool{ Params :  Returns : Tool} toolDone{ Params :  Returns : void} selectionChanged{ Params : DrawingView Returns : void} ,,,,,DrawingEditor ,Iconkit ,,Iconkit ,BorderLayout StandardDrawingView FollowURLTool Iconkit URL StorableInput StandardDrawing 
JHotDraw,CH.ifa.draw.samples.javadraw,MySelectionTool,1,1,0,0,0,false,SelectionTool ,0 ,0 ,,mouseDown{ Params : MouseEvent,int,int Returns : void} inspectFigure{ Params : Figure Returns : void} ,,,,,,,,,
JHotDraw,CH.ifa.draw.samples.javadraw,PatternPainter,1,1,0,0,0,false,0 ,Painter ,0 ,fImage: Image ,draw{ Params : Graphics,DrawingView Returns : void} drawPattern{ Params : Graphics,Image,DrawingView Returns : void} ,,,,,Painter ,Image ,,Image ,
JHotDraw,CH.ifa.draw.samples.javadraw,URLTool,1,1,0,0,0,false,AbstractTool ,0 ,0 ,fTextField: FloatingTextField fURLTarget: Figure ,mouseDown{ Params : MouseEvent,int,int Returns : void} mouseUp{ Params : MouseEvent,int,int Returns : void} deactivate{ Params : DrawingView Returns : void} endAction{ Params : ActionEvent Returns : void} beginEdit{ Params : Figure Returns : void} actionPerformed{ Params : ActionEvent Returns : void} endEdit{ Params :  Returns : void} fieldBounds{ Params : Figure Returns : Rectangle} getURL{ Params : Figure Returns : String} setURL{ Params : Figure,String Returns : void} ,,,,,,Figure ,,Figure ,FloatingTextField ActionListener Rectangle 
JHotDraw,CH.ifa.draw.samples.net,NetApp,1,1,0,0,0,false,DrawApplication ,0 ,0 ,,createTools{ Params : Panel Returns : void} main{ Params : String[] Returns : void} ,,main ,,,,,,,TextTool NodeFigure CreationTool NodeFigure ConnectionTool LineConnection NetApp 
JHotDraw,CH.ifa.draw.samples.net,NodeFigure,1,1,0,0,0,false,TextFigure ,0 ,0 ,BORDER: int fConnectors: Vector fConnectorsVisible: boolean ,displayBox{ Params :  Returns : Rectangle} containsPoint{ Params : int,int Returns : boolean} drawBorder{ Params : Graphics Returns : void} draw{ Params : Graphics Returns : void} handles{ Params :  Returns : Vector} drawConnectors{ Params : Graphics Returns : void} connectorVisibility{ Params : boolean Returns : void} connectorAt{ Params : int,int Returns : Connector} connectors{ Params :  Returns : Vector} createConnectors{ Params :  Returns : void} findConnector{ Params : int,int Returns : Connector} initialize{ Params :  Returns : void} ,,,,,,boolean ,,boolean ,LineConnection Vector ConnectionHandle ConnectionHandle ConnectionHandle ConnectionHandle NullHandle NullHandle NullHandle NullHandle Vector LocatorConnector LocatorConnector LocatorConnector LocatorConnector Font 
JHotDraw,CH.ifa.draw.samples.nothing,NothingApp,1,1,0,0,0,false,DrawApplication ,0 ,0 ,,createTools{ Params : Panel Returns : void} main{ Params : String[] Returns : void} ,,main ,,,,,,,TextTool TextFigure CreationTool RectangleFigure CreationTool RoundRectangleFigure CreationTool EllipseFigure CreationTool LineFigure PolygonTool ConnectionTool LineConnection ConnectionTool ElbowConnection NothingApp 
JHotDraw,CH.ifa.draw.samples.nothing,NothingApplet,1,1,0,0,0,false,DrawApplet ,0 ,0 ,,createTools{ Params : Panel Returns : void} ,,,,,,,,,TextTool TextFigure CreationTool RectangleFigure CreationTool RoundRectangleFigure CreationTool EllipseFigure CreationTool LineFigure PolygonTool ConnectionTool LineConnection ConnectionTool ElbowConnection 
JHotDraw,CH.ifa.draw.samples.pert,PertApplet,1,1,0,0,0,false,DrawApplet ,0 ,0 ,PERTIMAGES: String ,createTools{ Params : Panel Returns : void} ,,,,,,,,,TextTool TextFigure PertFigureCreationTool ConnectionTool PertDependency CreationTool LineFigure 
JHotDraw,CH.ifa.draw.samples.pert,PertApplication,1,1,0,0,0,false,DrawApplication ,0 ,0 ,PERTIMAGES: String ,createTools{ Params : Panel Returns : void} main{ Params : String[] Returns : void} ,,main ,,,,,,,TextTool TextFigure PertFigureCreationTool ConnectionTool PertDependency CreationTool LineFigure PertApplication 
JHotDraw,CH.ifa.draw.samples.pert,PertDependency,1,1,0,0,0,false,LineConnection ,0 ,0 ,serialVersionUID: long pertDependencySerializedDataVersion: int ,handleConnect{ Params : Figure,Figure Returns : void} handleDisconnect{ Params : Figure,Figure Returns : void} canConnect{ Params : Figure,Figure Returns : boolean} handles{ Params :  Returns : Vector} ,,,,,,int ,,int ,ArrowTip NullHandle 
JHotDraw,CH.ifa.draw.samples.pert,PertFigure,1,1,0,0,0,false,CompositeFigure ,0 ,0 ,BORDER: int fDisplayBox: Rectangle fPreTasks: Vector fPostTasks: Vector serialVersionUID: long pertFigureSerializedDataVersion: int ,start{ Params :  Returns : int} end{ Params :  Returns : int} duration{ Params :  Returns : int} setEnd{ Params : int Returns : void} addPreTask{ Params : PertFigure Returns : void} addPostTask{ Params : PertFigure Returns : void} removePreTask{ Params : PertFigure Returns : void} removePostTask{ Params : PertFigure Returns : void} asInt{ Params : int Returns : int} taskName{ Params :  Returns : String} setInt{ Params : int,int Returns : void} basicMoveBy{ Params : int,int Returns : void} displayBox{ Params :  Returns : Rectangle} basicDisplayBox{ Params : Point,Point Returns : void} drawBorder{ Params : Graphics Returns : void} draw{ Params : Graphics Returns : void} handles{ Params :  Returns : Vector} initialize{ Params :  Returns : void} layout{ Params :  Returns : void} needsLayout{ Params :  Returns : boolean} update{ Params : FigureChangeEvent Returns : void} figureChanged{ Params : FigureChangeEvent Returns : void} figureRemoved{ Params : FigureChangeEvent Returns : void} notifyPostTasks{ Params :  Returns : void} updateDurations{ Params :  Returns : void} hasCycle{ Params : Figure Returns : boolean} write{ Params : StorableOutput Returns : void} writeTasks{ Params : StorableOutput,Vector Returns : void} read{ Params : StorableInput Returns : void} connectionInsets{ Params :  Returns : Insets} readTasks{ Params : StorableInput Returns : Vector} ,,,,,,int ,,int ,Rectangle Rectangle Vector NullHandle NullHandle NullHandle NullHandle ConnectionHandle PertDependency Vector Vector Rectangle Font Font TextFigure NumberTextFigure NumberTextFigure Point Dimension Point Dimension Rectangle Insets Vector 
JHotDraw,CH.ifa.draw.samples.pert,PertFigureCreationTool,1,1,0,0,0,false,CreationTool ,0 ,0 ,,createFigure{ Params :  Returns : Figure} ,,,,,,,,,PertFigure 
JHotDraw,CH.ifa.draw.standard,AbstractConnector,1,1,1,0,0,false,0 ,Connector ,0 ,fOwner: Figure serialVersionUID: long abstractConnectorSerializedDataVersion: int ,owner{ Params :  Returns : Figure} findStart{ Params : ConnectionFigure Returns : Point} findEnd{ Params : ConnectionFigure Returns : Point} findPoint{ Params : ConnectionFigure Returns : Point} displayBox{ Params :  Returns : Rectangle} containsPoint{ Params : int,int Returns : boolean} draw{ Params : Graphics Returns : void} write{ Params : StorableOutput Returns : void} read{ Params : StorableInput Returns : void} ,,,,,Connector ,int ,,int ,
JHotDraw,CH.ifa.draw.standard,AbstractFigure,1,1,1,0,0,false,0 ,Figure ,0 ,fListener: FigureChangeListener serialVersionUID: long abstractFigureSerializedDataVersion: int ,moveBy{ Params : int,int Returns : void} basicMoveBy{ Params : int,int Returns : void} displayBox{ Params : Point,Point Returns : void} basicDisplayBox{ Params : Point,Point Returns : void} displayBox{ Params :  Returns : Rectangle} handles{ Params :  Returns : Vector} figures{ Params :  Returns : FigureEnumeration} size{ Params :  Returns : Dimension} isEmpty{ Params :  Returns : boolean} findFigureInside{ Params : int,int Returns : Figure} containsPoint{ Params : int,int Returns : boolean} displayBox{ Params : Rectangle Returns : void} includes{ Params : Figure Returns : boolean} decompose{ Params :  Returns : FigureEnumeration} addToContainer{ Params : FigureChangeListener Returns : void} removeFromContainer{ Params : FigureChangeListener Returns : void} addFigureChangeListener{ Params : FigureChangeListener Returns : void} removeFigureChangeListener{ Params : FigureChangeListener Returns : void} listener{ Params :  Returns : FigureChangeListener} release{ Params :  Returns : void} invalidate{ Params :  Returns : void} willChange{ Params :  Returns : void} changed{ Params :  Returns : void} center{ Params :  Returns : Point} canConnect{ Params :  Returns : boolean} connectionInsets{ Params :  Returns : Insets} connectorAt{ Params : int,int Returns : Connector} connectorVisibility{ Params : boolean Returns : void} connectedTextLocator{ Params : Figure Returns : Locator} getAttribute{ Params : String Returns : Object} setAttribute{ Params : String,Object Returns : void} clone{ Params :  Returns : Object} write{ Params : StorableOutput Returns : void} read{ Params : StorableInput Returns : void} ,,,,basicMoveBy basicDisplayBox displayBox handles ,Figure ,int ,,int ,Vector FigureEnumerator Dimension Point Point Vector FigureEnumerator FigureChangeEvent FigureChangeEvent FigureChangeEvent Insets ChopBoxConnector ByteArrayOutputStream ObjectOutputStream ByteArrayInputStream ObjectInputStream 
JHotDraw,CH.ifa.draw.standard,AbstractHandle,1,1,1,0,0,false,0 ,Handle ,0 ,HANDLESIZE: int fOwner: Figure ,locate{ Params :  Returns : Point} invokeStart{ Params : int,int,Drawing Returns : void} invokeStart{ Params : int,int,DrawingView Returns : void} invokeStep{ Params : int,int,Drawing Returns : void} invokeStep{ Params : int,int,int,int,DrawingView Returns : void} invokeEnd{ Params : int,int,int,int,DrawingView Returns : void} invokeEnd{ Params : int,int,Drawing Returns : void} owner{ Params :  Returns : Figure} displayBox{ Params :  Returns : Rectangle} containsPoint{ Params : int,int Returns : boolean} draw{ Params : Graphics Returns : void} ,,,,locate ,Handle ,Figure ,,Figure ,Rectangle 
JHotDraw,CH.ifa.draw.standard,AbstractLocator,1,1,1,0,0,false,0 ,Locator Storable Cloneable ,0 ,,clone{ Params :  Returns : Object} write{ Params : StorableOutput Returns : void} read{ Params : StorableInput Returns : void} ,,,,,Locator Storable Cloneable ,,,,InternalError 
JHotDraw,CH.ifa.draw.standard,AbstractTool,1,1,0,0,0,false,0 ,Tool ,0 ,fView: DrawingView fAnchorX: int ,activate{ Params :  Returns : void} deactivate{ Params :  Returns : void} mouseDown{ Params : MouseEvent,int,int Returns : void} mouseDrag{ Params : MouseEvent,int,int Returns : void} mouseUp{ Params : MouseEvent,int,int Returns : void} mouseMove{ Params : MouseEvent,int,int Returns : void} keyDown{ Params : KeyEvent,int Returns : void} drawing{ Params :  Returns : Drawing} editor{ Params :  Returns : DrawingEditor} view{ Params :  Returns : DrawingView} ,,,,,Tool ,,,,
JHotDraw,CH.ifa.draw.standard,ActionTool,1,1,1,0,0,false,AbstractTool ,0 ,0 ,,mouseDown{ Params : MouseEvent,int,int Returns : void} mouseUp{ Params : MouseEvent,int,int Returns : void} action{ Params : Figure Returns : void} ,,,,action ,,,,,
JHotDraw,CH.ifa.draw.standard,AlignCommand,1,1,0,0,0,false,Command ,0 ,0 ,fView: DrawingView fOp: int LEFTS: int CENTERS: int RIGHTS: int TOPS: int MIDDLES: int BOTTOMS: int ,isExecutable{ Params :  Returns : boolean} execute{ Params :  Returns : void} ,,,,,,,,,
JHotDraw,CH.ifa.draw.standard,BoxHandleKit,1,1,0,0,0,false,0 ,0 ,0 ,,addCornerHandles{ Params : Figure,Vector Returns : void} addHandles{ Params : Figure,Vector Returns : void} south{ Params : Figure Returns : Handle} southEast{ Params : Figure Returns : Handle} southWest{ Params : Figure Returns : Handle} north{ Params : Figure Returns : Handle} northEast{ Params : Figure Returns : Handle} northWest{ Params : Figure Returns : Handle} east{ Params : Figure Returns : Handle} west{ Params : Figure Returns : Handle} ,,addCornerHandles addHandles south southEast southWest north northEast northWest east west ,,,,,,,SouthHandle SouthEastHandle SouthWestHandle NorthHandle NorthEastHandle NorthWestHandle EastHandle WestHandle 
JHotDraw,CH.ifa.draw.standard,BringToFrontCommand,1,1,0,0,0,false,Command ,0 ,0 ,fView: DrawingView ,execute{ Params :  Returns : void} isExecutable{ Params :  Returns : boolean} ,,,,,,DrawingView ,,DrawingView ,FigureEnumerator 
JHotDraw,CH.ifa.draw.standard,BufferedUpdateStrategy,1,1,0,0,0,false,0 ,Painter ,0 ,fOffscreen: Image fImagewidth: int fImageheight: int serialVersionUID: long bufferedUpdateSerializedDataVersion: int ,draw{ Params : Graphics,DrawingView Returns : void} ,,,,,Painter ,int ,,int ,
JHotDraw,CH.ifa.draw.standard,ChangeAttributeCommand,1,1,0,0,0,false,Command ,0 ,0 ,fView: DrawingView fAttribute: String fValue: Object ,execute{ Params :  Returns : void} isExecutable{ Params :  Returns : boolean} ,,,,,,Object ,,Object ,
JHotDraw,CH.ifa.draw.standard,ChangeConnectionEndHandle,1,1,0,0,0,false,ChangeConnectionHandle ,0 ,0 ,,target{ Params :  Returns : Connector} disconnect{ Params :  Returns : void} connect{ Params : Connector Returns : void} setPoint{ Params : int,int Returns : void} locate{ Params :  Returns : Point} ,,,,,,,,,
JHotDraw,CH.ifa.draw.standard,ChangeConnectionHandle,1,1,1,0,0,false,AbstractHandle ,0 ,0 ,fOriginalTarget: Connector fTarget: Figure fConnection: ConnectionFigure fStart: Point ,target{ Params :  Returns : Connector} disconnect{ Params :  Returns : void} connect{ Params : Connector Returns : void} setPoint{ Params : int,int Returns : void} source{ Params :  Returns : Connector} invokeStart{ Params : int,int,DrawingView Returns : void} invokeStep{ Params : int,int,int,int,DrawingView Returns : void} invokeEnd{ Params : int,int,int,int,DrawingView Returns : void} findConnectionTarget{ Params : int,int,Drawing Returns : Connector} findConnector{ Params : int,int,Figure Returns : Connector} draw{ Params : Graphics Returns : void} findConnectableFigure{ Params : int,int,Drawing Returns : Figure} ,,,,target disconnect connect setPoint ,,,,,Point Point 
JHotDraw,CH.ifa.draw.standard,ChangeConnectionStartHandle,1,1,0,0,0,false,ChangeConnectionHandle ,0 ,0 ,,target{ Params :  Returns : Connector} disconnect{ Params :  Returns : void} connect{ Params : Connector Returns : void} setPoint{ Params : int,int Returns : void} locate{ Params :  Returns : Point} ,,,,,,,,,
JHotDraw,CH.ifa.draw.standard,ChopBoxConnector,1,1,0,0,0,false,AbstractConnector ,0 ,0 ,serialVersionUID: long ,findStart{ Params : ConnectionFigure Returns : Point} findEnd{ Params : ConnectionFigure Returns : Point} chop{ Params : Figure,Point Returns : Point} ,,,,,,,,,Point Point 
JHotDraw,CH.ifa.draw.standard,CompositeFigure,1,1,1,0,0,false,AbstractFigure ,FigureChangeListener ,0 ,fFigures: Vector serialVersionUID: long compositeFigureSerializedDataVersion: int ,add{ Params : Figure Returns : Figure} addAll{ Params : Vector Returns : void} remove{ Params : Figure Returns : Figure} removeAll{ Params : Vector Returns : void} removeAll{ Params :  Returns : void} orphan{ Params : Figure Returns : Figure} orphanAll{ Params : Vector Returns : void} replace{ Params : Figure,Figure Returns : void} sendToBack{ Params : Figure Returns : void} bringToFront{ Params : Figure Returns : void} draw{ Params : Graphics Returns : void} figureAt{ Params : int Returns : Figure} figures{ Params :  Returns : FigureEnumeration} figureCount{ Params :  Returns : int} figuresReverse{ Params :  Returns : FigureEnumeration} findFigure{ Params : int,int Returns : Figure} findFigure{ Params : Rectangle Returns : Figure} findFigureWithout{ Params : int,int,Figure Returns : Figure} findFigure{ Params : Rectangle,Figure Returns : Figure} findFigureInside{ Params : int,int Returns : Figure} findFigureInsideWithout{ Params : int,int,Figure Returns : Figure} includes{ Params : Figure Returns : boolean} basicMoveBy{ Params : int,int Returns : void} release{ Params :  Returns : void} figureInvalidated{ Params : FigureChangeEvent Returns : void} figureRequestRemove{ Params : FigureChangeEvent Returns : void} figureRequestUpdate{ Params : FigureChangeEvent Returns : void} figureChanged{ Params : FigureChangeEvent Returns : void} figureRemoved{ Params : FigureChangeEvent Returns : void} write{ Params : StorableOutput Returns : void} read{ Params : StorableInput Returns : void} readObject{ Params : ObjectInputStream Returns : void} ,,,figures figuresReverse ,,FigureChangeListener ,int ,,int ,Vector FigureEnumerator ReverseFigureEnumerator FigureChangeEvent Vector 
JHotDraw,CH.ifa.draw.standard,ConnectionHandle,1,1,0,0,0,false,LocatorHandle ,0 ,0 ,fConnection: ConnectionFigure fPrototype: ConnectionFigure fTarget: Figure ,invokeStart{ Params : int,int,DrawingView Returns : void} invokeStep{ Params : int,int,int,int,DrawingView Returns : void} invokeEnd{ Params : int,int,int,int,DrawingView Returns : void} startConnector{ Params :  Returns : Connector} createConnection{ Params :  Returns : ConnectionFigure} findConnectionTarget{ Params : int,int,Drawing Returns : Connector} findConnectableFigure{ Params : int,int,Drawing Returns : Figure} findConnector{ Params : int,int,Figure Returns : Connector} draw{ Params : Graphics Returns : void} ,,,,,,Figure ,,Figure ,Point 
JHotDraw,CH.ifa.draw.standard,ConnectionTool,1,1,0,0,0,false,AbstractTool ,0 ,0 ,fStartConnector: Connector fEndConnector: Connector fConnectorTarget: Connector fTarget: Figure fConnection: ConnectionFigure fSplitPoint: int fEditedConnection: ConnectionFigure fPrototype: ConnectionFigure ,mouseMove{ Params : MouseEvent,int,int Returns : void} mouseDown{ Params : MouseEvent,int,int Returns : void} mouseDrag{ Params : MouseEvent,int,int Returns : void} mouseUp{ Params : MouseEvent,int,int Returns : void} deactivate{ Params :  Returns : void} createConnection{ Params :  Returns : ConnectionFigure} findSource{ Params : int,int,Drawing Returns : Figure} findTarget{ Params : int,int,Drawing Returns : Figure} findConnection{ Params : int,int,Drawing Returns : ConnectionFigure} createdFigure{ Params :  Returns : ConnectionFigure} trackConnectors{ Params : MouseEvent,int,int Returns : void} findConnector{ Params : int,int,Figure Returns : Connector} findConnectionStart{ Params : int,int,Drawing Returns : Figure} findConnectableFigure{ Params : int,int,Drawing Returns : Figure} getStartConnector{ Params :  Returns : Connector} getEndConnector{ Params :  Returns : Connector} getTarget{ Params :  Returns : Connector} ,,,,,,ConnectionFigure ,,ConnectionFigure ,Point Point Point 
JHotDraw,CH.ifa.draw.standard,CopyCommand,1,1,0,0,0,false,FigureTransferCommand ,0 ,0 ,,execute{ Params :  Returns : void} isExecutable{ Params :  Returns : boolean} ,,,,,,,,,
JHotDraw,CH.ifa.draw.standard,CreationTool,1,1,0,0,0,false,AbstractTool ,0 ,0 ,fAnchorPoint: Point fCreatedFigure: Figure fPrototype: Figure ,activate{ Params :  Returns : void} mouseDown{ Params : MouseEvent,int,int Returns : void} createFigure{ Params :  Returns : Figure} mouseDrag{ Params : MouseEvent,int,int Returns : void} mouseUp{ Params : MouseEvent,int,int Returns : void} createdFigure{ Params :  Returns : Figure} ,,,,,,Figure ,,Figure ,Point HJDError Point 
JHotDraw,CH.ifa.draw.standard,CutCommand,1,1,0,0,0,false,FigureTransferCommand ,0 ,0 ,,execute{ Params :  Returns : void} isExecutable{ Params :  Returns : boolean} ,,,,,,,,,
JHotDraw,CH.ifa.draw.standard,DecoratorFigure,1,1,1,0,0,false,AbstractFigure ,FigureChangeListener ,0 ,fComponent: Figure serialVersionUID: long decoratorFigureSerializedDataVersion: int ,connectionInsets{ Params :  Returns : Insets} canConnect{ Params :  Returns : boolean} containsPoint{ Params : int,int Returns : boolean} decorate{ Params : Figure Returns : void} peelDecoration{ Params :  Returns : Figure} displayBox{ Params :  Returns : Rectangle} basicDisplayBox{ Params : Point,Point Returns : void} draw{ Params : Graphics Returns : void} findFigureInside{ Params : int,int Returns : Figure} handles{ Params :  Returns : Vector} includes{ Params : Figure Returns : boolean} moveBy{ Params : int,int Returns : void} basicMoveBy{ Params : int,int Returns : void} release{ Params :  Returns : void} figureInvalidated{ Params : FigureChangeEvent Returns : void} figureChanged{ Params : FigureChangeEvent Returns : void} figureRemoved{ Params : FigureChangeEvent Returns : void} figureRequestUpdate{ Params : FigureChangeEvent Returns : void} figureRequestRemove{ Params : FigureChangeEvent Returns : void} figures{ Params :  Returns : FigureEnumeration} decompose{ Params :  Returns : FigureEnumeration} setAttribute{ Params : String,Object Returns : void} getAttribute{ Params : String Returns : Object} connectedTextLocator{ Params : Figure Returns : Locator} connectorAt{ Params : int,int Returns : Connector} connectorVisibility{ Params : boolean Returns : void} write{ Params : StorableOutput Returns : void} read{ Params : StorableInput Returns : void} readObject{ Params : ObjectInputStream Returns : void} ,,,,,FigureChangeListener ,int ,,int ,FigureChangeEvent 
JHotDraw,CH.ifa.draw.standard,DeleteCommand,1,1,0,0,0,false,FigureTransferCommand ,0 ,0 ,,execute{ Params :  Returns : void} isExecutable{ Params :  Returns : boolean} ,,,,,,,,,
JHotDraw,CH.ifa.draw.standard,DragTracker,1,1,0,0,0,false,AbstractTool ,0 ,0 ,fAnchorFigure: Figure fLastX: int fMoved: boolean ,mouseDown{ Params : MouseEvent,int,int Returns : void} mouseDrag{ Params : MouseEvent,int,int Returns : void} ,,,,,,boolean ,,boolean ,
JHotDraw,CH.ifa.draw.standard,DuplicateCommand,1,1,0,0,0,false,FigureTransferCommand ,0 ,0 ,,execute{ Params :  Returns : void} isExecutable{ Params :  Returns : boolean} ,,,,,,,,,
JHotDraw,CH.ifa.draw.standard,EastHandle,1,0,0,0,0,false,LocatorHandle ,0 ,0 ,,invokeStep{ Params : int,int,int,int,DrawingView Returns : void} ,,,,,,,,,Point Point 
JHotDraw,CH.ifa.draw.standard,FigureChangeEventMulticaster,1,1,0,0,0,false,AWTEventMulticaster ,FigureChangeListener ,0 ,,figureInvalidated{ Params : FigureChangeEvent Returns : void} figureRequestRemove{ Params : FigureChangeEvent Returns : void} figureRequestUpdate{ Params : FigureChangeEvent Returns : void} figureChanged{ Params : FigureChangeEvent Returns : void} figureRemoved{ Params : FigureChangeEvent Returns : void} add{ Params : FigureChangeListener,FigureChangeListener Returns : FigureChangeListener} remove{ Params : FigureChangeListener,FigureChangeListener Returns : FigureChangeListener} remove{ Params : EventListener Returns : EventListener} addInternal{ Params : FigureChangeListener,FigureChangeListener Returns : EventListener} removeInternal{ Params : EventListener,EventListener Returns : EventListener} ,,add remove addInternal removeInternal ,,,FigureChangeListener ,,,,FigureChangeEventMulticaster 
JHotDraw,CH.ifa.draw.standard,FigureEnumerator,1,1,0,0,1,false,0 ,FigureEnumeration ,0 ,fEnumeration: Enumeration ,hasMoreElements{ Params :  Returns : boolean} nextElement{ Params :  Returns : Object} nextFigure{ Params :  Returns : Figure} ,,,,,FigureEnumeration ,,,,
JHotDraw,CH.ifa.draw.standard,FigureTransferCommand,1,0,1,0,0,false,Command ,0 ,0 ,fView: DrawingView ,deleteSelection{ Params :  Returns : void} copySelection{ Params :  Returns : void} insertFigures{ Params : Vector,int,int Returns : void} ,,,,,,,,,FigureEnumerator 
JHotDraw,CH.ifa.draw.standard,GridConstrainer,1,1,0,0,0,false,0 ,PointConstrainer Serializable ,0 ,fGridX: int fGridY: int ,constrainPoint{ Params : Point Returns : Point} getStepX{ Params :  Returns : int} getStepY{ Params :  Returns : int} ,,,,,PointConstrainer Serializable ,int ,,int ,
JHotDraw,CH.ifa.draw.standard,HandleTracker,1,1,0,0,0,false,AbstractTool ,0 ,0 ,fAnchorHandle: Handle ,mouseDown{ Params : MouseEvent,int,int Returns : void} mouseDrag{ Params : MouseEvent,int,int Returns : void} mouseUp{ Params : MouseEvent,int,int Returns : void} ,,,,,,Handle ,,Handle ,
JHotDraw,CH.ifa.draw.standard,LocatorConnector,1,1,0,0,0,false,AbstractConnector ,0 ,0 ,SIZE: int fLocator: Locator serialVersionUID: long locatorConnectorSerializedDataVersion: int ,locate{ Params : ConnectionFigure Returns : Point} containsPoint{ Params : int,int Returns : boolean} displayBox{ Params :  Returns : Rectangle} draw{ Params : Graphics Returns : void} write{ Params : StorableOutput Returns : void} read{ Params : StorableInput Returns : void} ,,,,,,int ,,int ,Rectangle 
JHotDraw,CH.ifa.draw.standard,LocatorHandle,1,1,0,0,0,false,AbstractHandle ,0 ,0 ,fLocator: Locator ,locate{ Params :  Returns : Point} ,,,,,,Locator ,,Locator ,
JHotDraw,CH.ifa.draw.standard,NorthEastHandle,1,0,0,0,0,false,LocatorHandle ,0 ,0 ,,invokeStep{ Params : int,int,int,int,DrawingView Returns : void} ,,,,,,,,,Point Point 
JHotDraw,CH.ifa.draw.standard,NorthHandle,1,0,0,0,0,false,LocatorHandle ,0 ,0 ,,invokeStep{ Params : int,int,int,int,DrawingView Returns : void} ,,,,,,,,,Point Point 
JHotDraw,CH.ifa.draw.standard,NorthWestHandle,1,0,0,0,0,false,LocatorHandle ,0 ,0 ,,invokeStep{ Params : int,int,int,int,DrawingView Returns : void} ,,,,,,,,,Point Point 
JHotDraw,CH.ifa.draw.standard,NullHandle,1,1,0,0,0,false,LocatorHandle ,0 ,0 ,fLocator: Locator ,draw{ Params : Graphics Returns : void} ,,,,,,,,,
JHotDraw,CH.ifa.draw.standard,OffsetLocator,1,1,0,0,0,false,AbstractLocator ,0 ,0 ,serialVersionUID: long offsetLocatorSerializedDataVersion: int fBase: Locator fOffsetX: int fOffsetY: int ,locate{ Params : Figure Returns : Point} moveBy{ Params : int,int Returns : void} write{ Params : StorableOutput Returns : void} read{ Params : StorableInput Returns : void} ,,,,,,int ,,int ,
JHotDraw,CH.ifa.draw.standard,PasteCommand,1,1,0,0,0,false,FigureTransferCommand ,0 ,0 ,,execute{ Params :  Returns : void} bounds{ Params : Enumeration Returns : Rectangle} ,,,,,,,,,
JHotDraw,CH.ifa.draw.standard,RelativeLocator,1,1,0,0,0,false,AbstractLocator ,0 ,0 ,serialVersionUID: long relativeLocatorSerializedDataVersion: int fRelativeX: double fRelativeY: double ,locate{ Params : Figure Returns : Point} write{ Params : StorableOutput Returns : void} read{ Params : StorableInput Returns : void} east{ Params :  Returns : Locator} north{ Params :  Returns : Locator} west{ Params :  Returns : Locator} northEast{ Params :  Returns : Locator} northWest{ Params :  Returns : Locator} south{ Params :  Returns : Locator} southEast{ Params :  Returns : Locator} southWest{ Params :  Returns : Locator} center{ Params :  Returns : Locator} ,,east north west northEast northWest south southEast southWest center ,,,,,,,Point RelativeLocator RelativeLocator RelativeLocator RelativeLocator RelativeLocator RelativeLocator RelativeLocator RelativeLocator RelativeLocator 
JHotDraw,CH.ifa.draw.standard,ReverseFigureEnumerator,1,1,0,0,1,false,0 ,FigureEnumeration ,0 ,fEnumeration: ReverseVectorEnumerator ,hasMoreElements{ Params :  Returns : boolean} nextElement{ Params :  Returns : Object} nextFigure{ Params :  Returns : Figure} ,,,,,FigureEnumeration ,,,,ReverseVectorEnumerator 
JHotDraw,CH.ifa.draw.standard,SelectAreaTracker,1,1,0,0,0,false,AbstractTool ,0 ,0 ,fSelectGroup: Rectangle ,mouseDown{ Params : MouseEvent,int,int Returns : void} mouseDrag{ Params : MouseEvent,int,int Returns : void} mouseUp{ Params : MouseEvent,int,int Returns : void} rubberBand{ Params : int,int,int,int Returns : void} eraseRubberBand{ Params :  Returns : void} drawXORRect{ Params : Rectangle Returns : void} selectGroup{ Params : boolean Returns : void} ,,,,,,Rectangle ,,Rectangle ,Rectangle Point Point 
JHotDraw,CH.ifa.draw.standard,SelectionTool,1,1,0,0,0,false,AbstractTool ,0 ,0 ,fChild: Tool ,mouseDown{ Params : MouseEvent,int,int Returns : void} mouseDrag{ Params : MouseEvent,int,int Returns : void} mouseUp{ Params : MouseEvent,int,int Returns : void} createHandleTracker{ Params : DrawingView,Handle Returns : Tool} createDragTracker{ Params : DrawingView,Figure Returns : Tool} createAreaTracker{ Params : DrawingView Returns : Tool} ,,,,,,Tool ,,Tool ,HandleTracker DragTracker SelectAreaTracker 
JHotDraw,CH.ifa.draw.standard,SendToBackCommand,1,1,0,0,0,false,Command ,0 ,0 ,fView: DrawingView ,execute{ Params :  Returns : void} isExecutable{ Params :  Returns : boolean} ,,,,,,DrawingView ,,DrawingView ,ReverseFigureEnumerator 
JHotDraw,CH.ifa.draw.standard,SimpleUpdateStrategy,1,1,0,0,0,false,0 ,Painter ,0 ,serialVersionUID: long ,draw{ Params : Graphics,DrawingView Returns : void} ,,,,,Painter ,,,,
JHotDraw,CH.ifa.draw.standard,SouthEastHandle,1,0,0,0,0,false,LocatorHandle ,0 ,0 ,,invokeStep{ Params : int,int,int,int,DrawingView Returns : void} ,,,,,,,,,Point Point 
JHotDraw,CH.ifa.draw.standard,SouthHandle,1,0,0,0,0,false,LocatorHandle ,0 ,0 ,,invokeStep{ Params : int,int,int,int,DrawingView Returns : void} ,,,,,,,,,Point Point 
JHotDraw,CH.ifa.draw.standard,SouthWestHandle,1,0,0,0,0,false,LocatorHandle ,0 ,0 ,,invokeStep{ Params : int,int,int,int,DrawingView Returns : void} ,,,,,,,,,Point Point 
JHotDraw,CH.ifa.draw.standard,StandardDrawing,1,1,0,0,0,false,CompositeFigure ,Drawing ,0 ,fListeners: Vector fDrawingLockHolder: Thread serialVersionUID: long drawingSerializedDataVersion: int ,addDrawingChangeListener{ Params : DrawingChangeListener Returns : void} removeDrawingChangeListener{ Params : DrawingChangeListener Returns : void} drawingChangeListeners{ Params :  Returns : Enumeration} remove{ Params : Figure Returns : Figure} figureRequestRemove{ Params : FigureChangeEvent Returns : void} figureInvalidated{ Params : FigureChangeEvent Returns : void} figureRequestUpdate{ Params : FigureChangeEvent Returns : void} handles{ Params :  Returns : Vector} displayBox{ Params :  Returns : Rectangle} basicDisplayBox{ Params : Point,Point Returns : void} lock{ Params :  Returns : void} unlock{ Params :  Returns : void} readObject{ Params : ObjectInputStream Returns : void} ,,,,,Drawing ,int ,,int ,Vector FigureChangeEvent DrawingChangeEvent DrawingChangeEvent Vector NullHandle NullHandle NullHandle NullHandle Rectangle Vector 
JHotDraw,CH.ifa.draw.standard,StandardDrawingView,1,1,0,0,0,false,Panel ,DrawingView MouseListener MouseMotionListener KeyListener ,0 ,fEditor: DrawingEditor fDrawing: Drawing fDamage: Rectangle fSelection: Vector fSelectionHandles: Vector fViewSize: Dimension fLastClick: Point fBackgrounds: Vector fForegrounds: Vector fUpdateStrategy: Painter fConstrainer: PointConstrainer serialVersionUID: long drawingViewSerializedDataVersion: int ,setEditor{ Params : DrawingEditor Returns : void} tool{ Params :  Returns : Tool} drawing{ Params :  Returns : Drawing} setDrawing{ Params : Drawing Returns : void} editor{ Params :  Returns : DrawingEditor} add{ Params : Figure Returns : Figure} remove{ Params : Figure Returns : Figure} addAll{ Params : Vector Returns : void} getMinimumSize{ Params :  Returns : Dimension} getPreferredSize{ Params :  Returns : Dimension} setDisplayUpdate{ Params : Painter Returns : void} selection{ Params :  Returns : Vector} selectionElements{ Params :  Returns : FigureEnumeration} selectionZOrdered{ Params :  Returns : Vector} selectionCount{ Params :  Returns : int} addToSelection{ Params : Figure Returns : void} addToSelectionAll{ Params : Vector Returns : void} removeFromSelection{ Params : Figure Returns : void} toggleSelection{ Params : Figure Returns : void} clearSelection{ Params :  Returns : void} selectionHandles{ Params :  Returns : Enumeration} getFigureSelection{ Params :  Returns : FigureSelection} findHandle{ Params : int,int Returns : Handle} selectionChanged{ Params :  Returns : void} lastClick{ Params :  Returns : Point} setConstrainer{ Params : PointConstrainer Returns : void} getConstrainer{ Params :  Returns : PointConstrainer} constrainPoint{ Params : Point Returns : Point} mousePressed{ Params : MouseEvent Returns : void} mouseDragged{ Params : MouseEvent Returns : void} mouseMoved{ Params : MouseEvent Returns : void} mouseReleased{ Params : MouseEvent Returns : void} keyPressed{ Params : KeyEvent Returns : void} handleCursorKey{ Params : int Returns : void} moveSelection{ Params : int,int Returns : void} checkDamage{ Params :  Returns : void} repairDamage{ Params :  Returns : void} drawingInvalidated{ Params : DrawingChangeEvent Returns : void} drawingRequestUpdate{ Params : DrawingChangeEvent Returns : void} update{ Params : Graphics Returns : void} paint{ Params : Graphics Returns : void} drawAll{ Params : Graphics Returns : void} drawHandles{ Params : Graphics Returns : void} drawDrawing{ Params : Graphics Returns : void} drawBackground{ Params : Graphics Returns : void} drawPainters{ Params : Graphics,Vector Returns : void} addBackground{ Params : Painter Returns : void} removeBackground{ Params : Painter Returns : void} removeForeground{ Params : Painter Returns : void} addForeground{ Params : Painter Returns : void} freezeView{ Params :  Returns : void} unfreezeView{ Params :  Returns : void} readObject{ Params : ObjectInputStream Returns : void} checkMinimumSize{ Params :  Returns : void} isFocusTraversable{ Params :  Returns : boolean} mouseEntered{ Params : MouseEvent Returns : void} mouseExited{ Params : MouseEvent Returns : void} mouseClicked{ Params : MouseEvent Returns : void} keyTyped{ Params : KeyEvent Returns : void} keyReleased{ Params : KeyEvent Returns : void} ,,,,,DrawingView MouseListener MouseMotionListener KeyListener ,int ,,int ,Dimension Point Vector BufferedUpdateStrategy FigureEnumerator FigureEnumerator Vector FigureEnumerator Vector Vector FigureSelection Point Point Point Point DeleteCommand Vector Vector Vector Dimension 
JHotDraw,CH.ifa.draw.standard,TextHolder,2,1,0,0,0,true,Panel ,DrawingView MouseListener MouseMotionListener KeyListener ,0 ,,textDisplayBox{ Params :  Returns : Rectangle} getText{ Params :  Returns : String} setText{ Params : String Returns : void} acceptsTyping{ Params :  Returns : boolean} overlayColumns{ Params :  Returns : int} connect{ Params : Figure Returns : void} getFont{ Params :  Returns : Font} ,,,,,,,,,
JHotDraw,CH.ifa.draw.standard,ToggleGridCommand,1,1,0,0,0,false,Command ,0 ,0 ,fView: DrawingView fGrid: Point ,execute{ Params :  Returns : void} ,,,,,,Point ,,Point ,Point GridConstrainer 
JHotDraw,CH.ifa.draw.standard,ToolButton,1,1,0,0,0,false,PaletteButton ,0 ,0 ,fName: String fTool: Tool fIcon: PaletteIcon ,tool{ Params :  Returns : Tool} name{ Params :  Returns : String} attributeValue{ Params :  Returns : Object} getMinimumSize{ Params :  Returns : Dimension} getPreferredSize{ Params :  Returns : Dimension} paintBackground{ Params : Graphics Returns : void} paintNormal{ Params : Graphics Returns : void} paintPressed{ Params : Graphics Returns : void} paintSelected{ Params : Graphics Returns : void} ,,,,,,PaletteIcon ,,PaletteIcon ,HJDError MediaTracker PaletteIcon Dimension Dimension Dimension 
JHotDraw,CH.ifa.draw.standard,WestHandle,1,0,0,0,0,false,LocatorHandle ,0 ,0 ,,invokeStep{ Params : int,int,int,int,DrawingView Returns : void} ,,,,,,,,,Point Point 
JHotDraw,CH.ifa.draw.util,Animatable,2,1,0,0,0,true,LocatorHandle ,0 ,0 ,,animationStep{ Params :  Returns : void} ,,,,,,,,,
JHotDraw,CH.ifa.draw.util,Clipboard,1,1,0,0,0,false,0 ,0 ,0 ,fgClipboard: Clipboard fContents: Object ,getClipboard{ Params :  Returns : Clipboard} setContents{ Params : Object Returns : void} getContents{ Params :  Returns : Object} ,,getClipboard ,,,,Object ,,Object ,Clipboard 
JHotDraw,CH.ifa.draw.util,ColorEntry,1,0,0,0,0,false,0 ,0 ,0 ,fName: String fColor: Color ,,,,,,,,,,
JHotDraw,CH.ifa.draw.util,ColorMap,1,1,0,0,0,false,Object ,0 ,0 ,fMap: ColorEntry ,size{ Params :  Returns : int} color{ Params : int Returns : Color} color{ Params : String Returns : Color} name{ Params : int Returns : String} colorIndex{ Params : Color Returns : int} isTransparent{ Params : Color Returns : boolean} ,,size color color name colorIndex isTransparent ,,,,,,,ColorEntry ColorEntry ColorEntry ColorEntry ColorEntry ColorEntry ColorEntry ColorEntry ColorEntry Color ColorEntry Color ColorEntry Color ColorEntry ColorEntry ColorEntry ColorEntry Color ArrayIndexOutOfBoundsException ArrayIndexOutOfBoundsException 
JHotDraw,CH.ifa.draw.util,Command,1,1,1,0,0,false,0 ,0 ,0 ,fName: String ,execute{ Params :  Returns : void} isExecutable{ Params :  Returns : boolean} name{ Params :  Returns : String} ,,,,execute ,,String ,,String ,
JHotDraw,CH.ifa.draw.util,CommandButton,1,1,0,0,0,false,Button ,ActionListener ,0 ,fCommand: Command ,actionPerformed{ Params : ActionEvent Returns : void} ,,,,,ActionListener ,Command ,,Command ,
JHotDraw,CH.ifa.draw.util,CommandChoice,1,1,0,0,0,false,Choice ,ItemListener ,0 ,fCommands: Vector ,addItem{ Params : Command Returns : void} itemStateChanged{ Params : ItemEvent Returns : void} ,,,,,ItemListener ,Vector ,,Vector ,Vector 
JHotDraw,CH.ifa.draw.util,CommandMenu,1,1,0,0,0,false,Menu ,ActionListener ,0 ,fCommands: Vector ,add{ Params : Command Returns : void} add{ Params : Command,MenuShortcut Returns : void} remove{ Params : Command Returns : void} remove{ Params : MenuItem Returns : void} enable{ Params : String,boolean Returns : void} checkEnabled{ Params :  Returns : void} actionPerformed{ Params : ActionEvent Returns : void} ,,,,,ActionListener ,Vector ,,Vector ,Vector MenuItem MenuItem 
JHotDraw,CH.ifa.draw.util,Filler,1,1,0,0,0,false,Canvas ,0 ,0 ,fWidth: int fHeight: int fBackground: Color ,getMinimumSize{ Params :  Returns : Dimension} getPreferredSize{ Params :  Returns : Dimension} getBackground{ Params :  Returns : Color} ,,,,,,Color ,,Color ,Dimension 
JHotDraw,CH.ifa.draw.util,FloatingTextField,1,1,0,0,0,false,Object ,0 ,0 ,fEditWidget: TextField fContainer: Container ,createOverlay{ Params : Container Returns : void} createOverlay{ Params : Container,Font Returns : void} addActionListener{ Params : ActionListener Returns : void} removeActionListener{ Params : ActionListener Returns : void} setBounds{ Params : Rectangle,String Returns : void} getText{ Params :  Returns : String} getPreferredSize{ Params : int Returns : Dimension} endOverlay{ Params :  Returns : void} ,,,,,,Container ,,Container ,TextField 
JHotDraw,CH.ifa.draw.util,Geom,1,1,0,0,0,false,0 ,0 ,0 ,NORTH: int SOUTH: int WEST: int EAST: int ,lineContainsPoint{ Params : int,int,int,int,int,int Returns : boolean} direction{ Params : int,int,int,int Returns : int} south{ Params : Rectangle Returns : Point} center{ Params : Rectangle Returns : Point} west{ Params : Rectangle Returns : Point} east{ Params : Rectangle Returns : Point} north{ Params : Rectangle Returns : Point} range{ Params : int,int,int Returns : int} length2{ Params : int,int,int,int Returns : long} length{ Params : int,int,int,int Returns : long} pointToAngle{ Params : Rectangle,Point Returns : double} angleToPoint{ Params : Rectangle,double Returns : Point} polarToPoint{ Params : double,double,double Returns : Point} ovalAngleToPoint{ Params : Rectangle,double Returns : Point} intersect{ Params : int,int,int,int,int,int,int,int Returns : Point} ,,lineContainsPoint direction south center west east north range length2 length pointToAngle angleToPoint polarToPoint ovalAngleToPoint intersect ,,,,,,,Rectangle Point Point Point Point Point Point Point Point Point Point Point Point 
JHotDraw,CH.ifa.draw.util,Iconkit,1,1,0,0,0,false,0 ,0 ,0 ,fMap: Hashtable fRegisteredImages: Vector fComponent: Component ID: int fgIconkit: Iconkit fgDebug: boolean ,instance{ Params :  Returns : Iconkit} loadRegisteredImages{ Params : Component Returns : void} registerImage{ Params : String Returns : void} registerAndLoadImage{ Params : Component,String Returns : Image} loadImage{ Params : String Returns : Image} loadImageResource{ Params : String Returns : Image} getImage{ Params : String Returns : Image} basicGetImage{ Params : String Returns : Image} ,,instance ,,,,,,,Hashtable Vector MediaTracker 
JHotDraw,CH.ifa.draw.util,PaletteButton,1,1,1,0,0,false,Canvas ,MouseListener MouseMotionListener ,0 ,NORMAL: int PRESSED: int SELECTED: int fListener: PaletteListener fState: int fOldState: int ,paintBackground{ Params : Graphics Returns : void} paintNormal{ Params : Graphics Returns : void} paintPressed{ Params : Graphics Returns : void} paintSelected{ Params : Graphics Returns : void} value{ Params :  Returns : Object} name{ Params :  Returns : String} reset{ Params :  Returns : void} select{ Params :  Returns : void} mousePressed{ Params : MouseEvent Returns : void} mouseDragged{ Params : MouseEvent Returns : void} mouseReleased{ Params : MouseEvent Returns : void} mouseMoved{ Params : MouseEvent Returns : void} mouseExited{ Params : MouseEvent Returns : void} mouseClicked{ Params : MouseEvent Returns : void} mouseEntered{ Params : MouseEvent Returns : void} update{ Params : Graphics Returns : void} paint{ Params : Graphics Returns : void} ,,,,paintBackground paintNormal paintPressed paintSelected ,MouseListener MouseMotionListener ,int ,,int ,
JHotDraw,CH.ifa.draw.util,PaletteIcon,1,1,0,0,0,false,Object ,0 ,0 ,fNormal: Image fPressed: Image fSelected: Image fSize: Dimension ,normal{ Params :  Returns : Image} pressed{ Params :  Returns : Image} selected{ Params :  Returns : Image} getWidth{ Params :  Returns : int} getHeight{ Params :  Returns : int} ,,,,,,,,,
JHotDraw,CH.ifa.draw.util,PaletteLayout,1,1,0,0,0,false,0 ,LayoutManager ,0 ,fGap: int fBorder: Point fVerticalLayout: boolean ,addLayoutComponent{ Params : String,Component Returns : void} removeLayoutComponent{ Params : Component Returns : void} preferredLayoutSize{ Params : Container Returns : Dimension} minimumLayoutSize{ Params : Container Returns : Dimension} layoutContainer{ Params : Container Returns : void} ,,,,,LayoutManager ,boolean ,,boolean ,Point Dimension 
JHotDraw,CH.ifa.draw.util,PaletteListener,2,1,0,0,0,true,0 ,LayoutManager ,0 ,,paletteUserSelected{ Params : PaletteButton Returns : void} paletteUserOver{ Params : PaletteButton,boolean Returns : void} ,,,,,,,,,
JHotDraw,CH.ifa.draw.util,ReverseVectorEnumerator,1,1,0,0,0,false,0 ,Enumeration ,0 ,vector: Vector count: int ,hasMoreElements{ Params :  Returns : boolean} nextElement{ Params :  Returns : Object} ,,,,,Enumeration ,,,,NoSuchElementException 
JHotDraw,CH.ifa.draw.util,Storable,2,1,0,0,0,true,0 ,Enumeration ,0 ,,write{ Params : StorableOutput Returns : void} read{ Params : StorableInput Returns : void} ,,,,,,,,,
JHotDraw,CH.ifa.draw.util,StorableInput,1,1,0,0,0,false,Object ,0 ,0 ,fTokenizer: StreamTokenizer fMap: Vector ,readStorable{ Params :  Returns : Storable} readString{ Params :  Returns : String} readInt{ Params :  Returns : int} readColor{ Params :  Returns : Color} readDouble{ Params :  Returns : double} readBoolean{ Params :  Returns : boolean} makeInstance{ Params : String Returns : Object} map{ Params : Storable Returns : void} retrieve{ Params : int Returns : Storable} ,,,,,,Vector ,,Vector ,BufferedReader InputStreamReader StreamTokenizer Vector IOException IOException Color IOException IOException IOException IOException IOException IOException 
JHotDraw,CH.ifa.draw.util,StorableOutput,1,1,0,0,0,false,Object ,0 ,0 ,fStream: PrintWriter fMap: Vector fIndent: int ,writeStorable{ Params : Storable Returns : void} writeInt{ Params : int Returns : void} writeColor{ Params : Color Returns : void} writeDouble{ Params : double Returns : void} writeBoolean{ Params : boolean Returns : void} writeString{ Params : String Returns : void} close{ Params :  Returns : void} mapped{ Params : Storable Returns : boolean} map{ Params : Storable Returns : void} writeRef{ Params : Storable Returns : void} incrementIndent{ Params :  Returns : void} decrementIndent{ Params :  Returns : void} startNewLine{ Params :  Returns : void} space{ Params :  Returns : void} ,,,,,,int ,,int ,PrintWriter Vector 
